"Loan Characteristic","Period","All sizes","$1,000 to!$9,000","$10,000 to!$24,000","$25,000 to!$49,000","$50,000 to!$99,000","$100,000 to!$249,000","$250,000!and over"
"Volume of loans (thousands of dollars)","1999Q4",453382,42889,69634,74368,91846,105233,69411
"Volume of loans (thousands of dollars)","2000Q1",518127,63283,93568,63409,92762,180780,24326
"Volume of loans (thousands of dollars)","2000Q2",280207,40952,52835,68745,28606,42079,46990
"Volume of loans (thousands of dollars)","2000Q3",325397,42710,75493,56630,40047,53481,57036
"Volume of loans (thousands of dollars)","2000Q4",280207,40952,52835,68745,28606,42079,46990
"Volume of loans (thousands of dollars)","2001Q1",472792,38388,64571,72509,90189,125528,81607
"Volume of loans (thousands of dollars)","2001Q2",395703,49128,70735,58630,52459,82799,81951
"Volume of loans (thousands of dollars)","2001Q3",257706,38467,54771,47813,30249,65916,20490
"Volume of loans (thousands of dollars)","2001Q4",369495,35890,56544,42436,48596,85480,100549
"Volume of loans (thousands of dollars)","2002Q1",616373,33164,61933,81229,113343,213214,113490
"Volume of loans (thousands of dollars)","2002Q2",503248,49921,68340,68632,63497,142078,110780
"Volume of loans (thousands of dollars)","2002Q3",384277,49770,62761,61531,51230,71324,87661
"Volume of loans (thousands of dollars)","2002Q4",418402,40050,54977,73796,51672,42228,155680
"Volume of loans (thousands of dollars)","2003Q1",681410,36176,63894,84332,131563,216146,149300
"Volume of loans (thousands of dollars)","2003Q2",505317,45438,58258,56385,91602,137371,116263
"Volume of loans (thousands of dollars)","2003Q3",346496,36262,53188,46479,60162,75197,75207
"Volume of loans (thousands of dollars)","2003Q4",369523,34729,54772,69512,72784,56418,81308
"Volume of loans (thousands of dollars)","2004Q1",670394,37743,55546,71738,112048,161238,232081
"Volume of loans (thousands of dollars)","2004Q2",466937,39886,67461,53562,67055,128819,110154
"Volume of loans (thousands of dollars)","2004Q3",327516,37818,62770,43786,49447,67325,66369
"Volume of loans (thousands of dollars)","2004Q4",551969,23371,38417,59443,74347,154446,201946
"Volume of loans (thousands of dollars)","2005Q1",551969,23371,38417,59443,74347,154446,201946
"Volume of loans (thousands of dollars)","2005Q2",307038,32471,49420,36045,47625,92965,48511
"Volume of loans (thousands of dollars)","2005Q3",296182,25874,37384,42067,59547,48877,82433
"Volume of loans (thousands of dollars)","2005Q4",235637,19854,33416,31628,40011,62472,48255
"Volume of loans (thousands of dollars)","2006Q1",394700,23944,39279,45986,84605,146151,54735
"Volume of loans (thousands of dollars)","2006Q2",462529,28904,57507,50554,43237,101306,181020
"Volume of loans (thousands of dollars)","2006Q3",379270,20013,42842,47534,37569,75855,155457
"Volume of loans (thousands of dollars)","2006Q4",317311,18852,38120,40247,74363,63600,82129
"Volume of loans (thousands of dollars)","2007Q1",543113,16546,32660,33407,34850,130368,295282
"Volume of loans (thousands of dollars)","2007Q2",359873,28394,51754,45289,68585,62797,103055
"Volume of loans (thousands of dollars)","2007Q3",285178,17699,35044,42186,44802,41078,104369
"Volume of loans (thousands of dollars)","2007Q4",474112,20123,49667,62483,59904,80664,201270
"Volume of loans (thousands of dollars)","2008Q1",533401,18067,46313,42382,52764,107745,266131
"Volume of loans (thousands of dollars)","2008Q2",502367,22418,43801,44498,68815,98839,223996
"Volume of loans (thousands of dollars)","2008Q3",304073,19792,49268,49184,46529,77589,61713
"Volume of loans (thousands of dollars)","2008Q4",459083,19141,47220,42267,76535,101376,172544
"Volume of loans (thousands of dollars)","2009Q1",455112,12948,30321,38935,64508,93202,215199
"Volume of loans (thousands of dollars)","2009Q2",327854,18292,40442,37107,56737,61177,114099
"Volume of loans (thousands of dollars)","2009Q3",274621,18571,38909,42605,47541,69422,57573
"Volume of loans (thousands of dollars)","2009Q4",297125,14994,37202,43649,45185,58592,97503
"Volume of loans (thousands of dollars)","2010Q1",463641,14476,34744,38637,68258,107366,200160
"Volume of loans (thousands of dollars)","2010Q2",426712,21237,48280,49588,81295,58133,168178
"Number of loans","1999Q4",19676,10434,4688,2215,1438,734,167
"Number of loans","2000Q1",27153,16140,6403,1979,1353,1186,91
"Number of loans","2000Q2",16058,9682,3482,2034,426,343,91
"Number of loans","2000Q3",20776,12702,5100,1762,629,427,156
"Number of loans","2000Q4",16058,9682,3482,2034,426,343,91
"Number of loans","2001Q1",18465,9688,4215,2110,1349,919,183
"Number of loans","2001Q2",20796,12657,4804,1751,803,595,185
"Number of loans","2001Q3",16754,10589,3784,1410,469,439,62
"Number of loans","2001Q4",15591,8905,3954,1297,690,598,147
"Number of loans","2002Q1",18966,9011,4183,2473,1690,1332,277
"Number of loans","2002Q2",22597,13908,4506,1976,1034,933,241
"Number of loans","2002Q3",21089,13537,4340,1820,793,497,101
"Number of loans","2002Q4",17663,10586,3568,2119,832,281,277
"Number of loans","2003Q1",20626,9863,4364,2481,2002,1516,400
"Number of loans","2003Q2",20911,12792,3942,1728,1272,916,261
"Number of loans","2003Q3",16832,10314,3535,1410,885,519,168
"Number of loans","2003Q4",15699,8460,3734,1896,1092,366,150
"Number of loans","2004Q1",18629,9395,3775,2195,1682,1095,487
"Number of loans","2004Q2",19255,11172,4336,1631,1008,875,232
"Number of loans","2004Q3",16722,9685,4239,1304,792,546,156
"Number of loans","2004Q4",13615,6674,2702,1677,1133,1019,409
"Number of loans","2005Q1",13615,6674,2702,1677,1133,1019,409
"Number of loans","2005Q2",13716,7740,3392,1088,775,593,128
"Number of loans","2005Q3",11975,6590,2709,1237,910,391,138
"Number of loans","2005Q4",9171,4879,2163,963,600,436,131
"Number of loans","2006Q1",12521,6201,2575,1430,1229,928,157
"Number of loans","2006Q2",12642,5414,3911,1578,680,687,373
"Number of loans","2006Q3",9324,3620,2838,1490,596,469,311
"Number of loans","2006Q4",8816,3359,2639,1176,1094,407,140
"Number of loans","2007Q1",8305,3015,2269,1071,512,915,524
"Number of loans","2007Q2",11901,5330,3517,1389,1054,421,190
"Number of loans","2007Q3",8353,3452,2434,1296,689,315,165
"Number of loans","2007Q4",10536,3681,3303,1760,910,511,370
"Number of loans","2008Q1",9346,3187,2872,1263,792,730,502
"Number of loans","2008Q2",10720,4192,2973,1340,1098,688,429
"Number of loans","2008Q3",9826,3646,3504,1427,712,457,80
"Number of loans","2008Q4",9665,3366,2970,1290,1130,702,207
"Number of loans","2009Q1",7702,2447,2073,1158,937,628,459
"Number of loans","2009Q2",8734,3347,2727,1116,862,460,222
"Number of loans","2009Q3",8860,3584,2716,1266,695,454,143
"Number of loans","2009Q4",8006,2817,2710,1286,669,401,123
"Number of loans","2010Q1",8486,2767,2292,1129,1091,717,490
"Number of loans","2010Q2",10474,3814,3231,1451,1212,405,361
"Weighted average maturity (months)","1999Q4",16.44,10.6,12.78,15.05,27.61,16.61,10.19
"Weighted average maturity (months)","2000Q1",21.69,11.3,12.88,9.66,30.08,28.81,27.91
"Weighted average maturity (months)","2000Q2",16.08,10.03,12.97,19.15,31.75,18.56,8.61
"Weighted average maturity (months)","2000Q3",29.48,9.24,12.72,20.84,20.72,40.11,71.45
"Weighted average maturity (months)","2000Q4",16.08,10.03,12.97,19.15,31.75,18.56,8.61
"Weighted average maturity (months)","2001Q1",36.99,11.52,17.68,15.51,37.33,36.5,83.71
"Weighted average maturity (months)","2001Q2",32.9,12.95,13.95,19.07,23.24,45.2,64.2
"Weighted average maturity (months)","2001Q3",24.96,10.09,12.08,23.14,25.3,28.84,78.39
"Weighted average maturity (months)","2001Q4",13.69,8.17,13.72,18.65,14.32,21.28,6.87
"Weighted average maturity (months)","2002Q1",26.83,11.07,14.77,20.2,17.37,46.48,14.75
"Weighted average maturity (months)","2002Q2",27.64,11.7,15.53,11.38,40.37,35.08,38.15
"Weighted average maturity (months)","2002Q3",15.89,10.25,10.3,12.9,15.88,43.5,3.3
"Weighted average maturity (months)","2002Q4",37.99,9.27,9.23,8.12,20.78,49.01,71.62
"Weighted average maturity (months)","2003Q1",34.1,12.08,13.81,18.66,38.18,43.96,39.32
"Weighted average maturity (months)","2003Q2",34.17,11.25,16.82,15.43,22.41,44.16,57.77
"Weighted average maturity (months)","2003Q3",62.1,12.93,14.63,14.75,12.48,44.57,204.36
"Weighted average maturity (months)","2003Q4",29.95,9.48,13.67,12.76,21.72,35.57,67.47
"Weighted average maturity (months)","2004Q1",21.47,11.8,15.5,22.37,20.43,36.52,14.22
"Weighted average maturity (months)","2004Q2",42.4,12.05,13.25,15.95,25.68,43.19,91.39
"Weighted average maturity (months)","2004Q3",21.64,10.07,15.55,17.5,28.54,26.09,27.2
"Weighted average maturity (months)","2004Q4",29.64,9.68,13.26,27.54,15.54,43.26,30.32
"Weighted average maturity (months)","2005Q1",29.64,9.68,13.26,27.54,15.54,43.26,30.32
"Weighted average maturity (months)","2005Q2",18.88,13.11,15.34,24.94,25.87,21.63,9.88
"Weighted average maturity (months)","2005Q3",49.9,8.45,15.51,13.8,31.97,35.21,117.79
"Weighted average maturity (months)","2005Q4",31.36,10.99,12.34,11.47,28.97,25.21,75.32
"Weighted average maturity (months)","2006Q1",18.6,12.64,17.3,19.12,29.63,15.55,13.04
"Weighted average maturity (months)","2006Q2",33.2,12.36,14.25,15.33,26.94,41.81,44.73
"Weighted average maturity (months)","2006Q3",38.52,9.68,16.53,12.55,47.75,63.87,41.68
"Weighted average maturity (months)","2006Q4",27.53,9.2,13.51,20.77,27.92,26.66,41.79
"Weighted average maturity (months)","2007Q1",23.65,11.92,17.48,20.01,23.23,42.88,16.96
"Weighted average maturity (months)","2007Q2",22.18,11.19,12.77,21.72,29.15,36.66,16.68
"Weighted average maturity (months)","2007Q3",47.37,12.87,13.53,32.1,27.67,57.86,74.85
"Weighted average maturity (months)","2007Q4",27.99,8.5,11.68,16.11,29.82,37.06,33.43
"Weighted average maturity (months)","2008Q1",26.58,10.02,14.93,19.09,23.69,40.86,25.7
"Weighted average maturity (months)","2008Q2",42.34,11.79,15.6,19.9,16.32,27.18,69.46
"Weighted average maturity (months)","2008Q3",26.96,10.35,13.32,23.22,34.13,52.91,8.06
"Weighted average maturity (months)","2008Q4",29.25,10.58,13.95,17.02,17.71,56.52,27.35
"Weighted average maturity (months)","2009Q1",21.64,13.36,18.42,14.25,28.06,27.22,19.64
"Weighted average maturity (months)","2009Q2",30.07,10.43,17.61,13.33,20.64,70.38,27.79
"Weighted average maturity (months)","2009Q3",32.56,11.7,13.7,16.82,27,38.87,60.84
"Weighted average maturity (months)","2009Q4",23.76,9.69,10.14,14.11,28.75,60.86,10.81
"Weighted average maturity (months)","2010Q1",28.22,12.14,12.08,13.42,23.71,18.01,42.03
"Weighted average maturity (months)","2010Q2",33.11,11.01,13.23,25.71,25,24.78,50.51
"Weighted average repricing interval (months)","1999Q4",10.97,6.49,8.2,10.77,17.39,11.97,6.73
"Weighted average repricing interval (months)","2000Q1",12.58,6.45,8.24,4.48,20.99,13.98,23.09
"Weighted average repricing interval (months)","2000Q2",9.29,7.28,9.88,10.74,9.9,8.47,8.6
"Weighted average repricing interval (months)","2000Q3",10.07,5.47,8.32,7.72,4.16,29.59,4
"Weighted average repricing interval (months)","2000Q4",9.29,7.28,9.88,10.74,9.9,8.47,8.6
"Weighted average repricing interval (months)","2001Q1",12.74,6.74,11.39,6.77,10.45,13.97,22.56
"Weighted average repricing interval (months)","2001Q2",9.57,8.86,9.89,14.8,12.44,11.92,1.75
"Weighted average repricing interval (months)","2001Q3",12.19,6.07,8.08,15.92,6.7,18.5,13.71
"Weighted average repricing interval (months)","2001Q4",6.78,5.29,8.74,14.37,6.36,10.66,0.02
"Weighted average repricing interval (months)","2002Q1",11.06,5.98,10.34,10.38,7.22,14.01,11.63
"Weighted average repricing interval (months)","2002Q2",9.82,6.06,9.05,6.15,16.51,13.04,6.29
"Weighted average repricing interval (months)","2002Q3",8.71,5.61,5.9,8.81,8.22,21.28,2.47
"Weighted average repricing interval (months)","2002Q4",10.58,4.53,5.5,3.86,12.23,16.18,14.97
"Weighted average repricing interval (months)","2003Q1",12.71,6.36,5.87,9.08,13.95,12.06,19.03
"Weighted average repricing interval (months)","2003Q2",17.62,5.46,9.12,9.2,11.1,20.23,32.71
"Weighted average repricing interval (months)","2003Q3",14.4,5.81,6.97,5.91,4.2,15.04,36.48
"Weighted average repricing interval (months)","2003Q4",8.83,5.56,7.72,7.15,12.61,5.41,11.4
"Weighted average repricing interval (months)","2004Q1",10,6.61,8.25,12.09,10.31,11.99,8.81
"Weighted average repricing interval (months)","2004Q2",11.47,6.54,8.03,8.4,12.4,18.33,8.23
"Weighted average repricing interval (months)","2004Q3",11.09,5.81,10.25,6.88,15.04,11.99,13.79
"Weighted average repricing interval (months)","2004Q4",13.84,4.93,9.03,13.26,8.62,23.21,10.71
"Weighted average repricing interval (months)","2005Q1",13.84,4.93,9.03,13.26,8.62,23.21,10.71
"Weighted average repricing interval (months)","2005Q2",8.03,7.45,8.76,8.5,6.94,9.36,5.87
"Weighted average repricing interval (months)","2005Q3",11.7,4.65,7.63,8.62,19.53,13.46,10.63
"Weighted average repricing interval (months)","2005Q4",16.93,7.07,9.68,4.99,24.31,20.92,22.55
"Weighted average repricing interval (months)","2006Q1",10.8,6.87,11.98,10.74,17.67,7.66,9.48
"Weighted average repricing interval (months)","2006Q2",15.2,6.8,9.12,8.8,13.33,22.75,16.46
"Weighted average repricing interval (months)","2006Q3",13.39,4.06,6.92,8.49,24.28,26.45,8.86
"Weighted average repricing interval (months)","2006Q4",14.97,5.87,9.14,8.52,10.3,13.71,28.15
"Weighted average repricing interval (months)","2007Q1",12.45,8.91,11.9,13.2,11.2,23.98,7.68
"Weighted average repricing interval (months)","2007Q2",10.57,6.47,7.25,9.23,10.96,13.17,12.13
"Weighted average repricing interval (months)","2007Q3",22.1,8.59,8.51,20.34,16.4,34.6,27.2
"Weighted average repricing interval (months)","2007Q4",15.21,5.33,6.57,12.49,20.62,14.24,17.95
"Weighted average repricing interval (months)","2008Q1",12.86,7.24,11.08,12.33,14.66,17.37,11.46
"Weighted average repricing interval (months)","2008Q2",26.95,7.18,10.03,13.46,9.31,12.51,46.57
"Weighted average repricing interval (months)","2008Q3",10.46,6.14,8.88,12.39,20.22,12.79,1.26
"Weighted average repricing interval (months)","2008Q4",7.07,6.09,8.92,11.62,11.57,5.37,4.63
"Weighted average repricing interval (months)","2009Q1",13.25,7.3,8.69,10.74,16.25,15.06,13.02
"Weighted average repricing interval (months)","2009Q2",14.84,6.51,8.9,7.83,10.29,26.64,16.41
"Weighted average repricing interval (months)","2009Q3",14.84,6.08,7.59,9.84,15.77,16.44,23.51
"Weighted average repricing interval (months)","2009Q4",15.49,5.63,6.55,9.04,19.37,47.62,2.19
"Weighted average repricing interval (months)","2010Q1",10.27,7.39,8.14,7.94,10.58,14.41,8.97
"Weighted average repricing interval (months)","2010Q2",14.53,6.57,8.24,15.62,14.19,7.86,19.49
"Weighted average risk rating","1999Q4",2.44,2.41,2.49,2.08,2.45,2.41,2.79
"Weighted average risk rating","2000Q1",2.34,2.47,2.48,2.59,2.59,1.99,2.32
"Weighted average risk rating","2000Q2",2.19,2.36,2.36,2.38,2.56,2.35,1.49
"Weighted average risk rating","2000Q3",2.54,2.39,2.53,2.41,2.1,2.43,3
"Weighted average risk rating","2000Q4",2.19,2.36,2.36,2.38,2.56,2.35,1.49
"Weighted average risk rating","2001Q1",2.4,2.59,2.45,2.59,2.29,2.27,2.39
"Weighted average risk rating","2001Q2",2.31,2.42,2.34,2.42,2.57,2.28,2.05
"Weighted average risk rating","2001Q3",2.37,2.44,2.31,2.33,2.43,2.02,3
"Weighted average risk rating","2001Q4",2.59,2.22,2.41,2.4,2.59,2.31,3.25
"Weighted average risk rating","2002Q1",2.45,2.23,2.45,2.39,2.39,2.57,2.34
"Weighted average risk rating","2002Q2",2.61,2.2,2.3,2.87,2.52,2.49,3.21
"Weighted average risk rating","2002Q3",2.73,2.46,2.44,2.5,2.45,2.25,3.67
"Weighted average risk rating","2002Q4",2.03,2.47,2.38,2.16,2.41,2.29,1.38
"Weighted average risk rating","2003Q1",2.42,2.52,2.55,2.41,2.19,2.54,2.44
"Weighted average risk rating","2003Q2",2.52,2.55,2.61,2.77,2.29,2.68,2.38
"Weighted average risk rating","2003Q3",2.58,2.4,2.51,2.6,2.47,2.83,2.51
"Weighted average risk rating","2003Q4",2.29,2.35,2.42,2.3,2.13,2.2,2.39
"Weighted average risk rating","2004Q1",2.59,2.57,2.37,2.42,2.34,2.87,2.67
"Weighted average risk rating","2004Q2",2.44,2.42,2.31,2.58,2.37,2.11,3.16
"Weighted average risk rating","2004Q3",2.48,2.22,2.35,2.65,2.24,2.4,2.81
"Weighted average risk rating","2004Q4",2.46,2.55,2.34,2.48,2.6,2.46,2.42
"Weighted average risk rating","2005Q1",2.46,2.55,2.34,2.48,2.6,2.46,2.42
"Weighted average risk rating","2005Q2",2.33,2.45,2.42,2.32,2.34,2.18,2.46
"Weighted average risk rating","2005Q3",2.26,2.42,2.24,2.5,2.22,2.33,2.09
"Weighted average risk rating","2005Q4",2.4,2.36,2.28,2.79,2.28,2.32,2.49
"Weighted average risk rating","2006Q1",2.26,2.37,2.43,2.5,2.65,2.15,1.55
"Weighted average risk rating","2006Q2",2.54,2.4,2.31,2.39,2.31,2.51,2.73
"Weighted average risk rating","2006Q3",2.41,2.6,2.42,2.46,2.4,2.61,2.23
"Weighted average risk rating","2006Q4",2.27,2.52,2.46,2.37,2.12,2.01,2.37
"Weighted average risk rating","2007Q1",2.42,2.33,2.53,2.36,2.33,2.25,2.5
"Weighted average risk rating","2007Q2",2.59,2.27,2.43,2.41,2.49,2.75,2.78
"Weighted average risk rating","2007Q3",2.33,2.45,2.4,2.35,1.91,2.2,2.5
"Weighted average risk rating","2007Q4",2.37,2.39,2.17,2.21,2.32,1.96,2.7
"Weighted average risk rating","2008Q1",2.28,2.37,2.21,2.59,2.49,2.47,2.13
"Weighted average risk rating","2008Q2",2.31,2.34,2.22,2.65,2.32,2.23,2.28
"Weighted average risk rating","2008Q3",2.36,2.56,2.58,2.22,2.5,2.61,1.9
"Weighted average risk rating","2008Q4",2.53,2.59,2.48,2.49,2.53,2.29,2.73
"Weighted average risk rating","2009Q1",2.38,2.62,2.39,2.45,2.4,2.34,2.37
"Weighted average risk rating","2009Q2",2.65,2.46,2.61,2.42,2.64,2.79,2.7
"Weighted average risk rating","2009Q3",2.36,2.5,2.63,2.29,2.98,2.42,1.55
"Weighted average risk rating","2009Q4",2.53,2.67,2.38,2.78,2.28,2.51,2.7
"Weighted average risk rating","2010Q1",2.66,2.75,2.46,2.36,2.42,2.32,2.96
"Weighted average risk rating","2010Q2",2.34,2.62,2.54,2.73,2.69,2.65,1.92
"Weighted average interest rate","1999Q4",9.54,9.98,9.8,9.57,9.74,9,9.53
"Weighted average interest rate","2000Q1",9.86,10.27,10.14,10.16,9.9,9.55,9.04
"Weighted average interest rate","2000Q2",10.3,10.65,10.37,10.36,10.13,10.55,9.69
"Weighted average interest rate","2000Q3",10.57,10.69,10.68,10.5,10.28,10.71,10.45
"Weighted average interest rate","2000Q4",10.3,10.65,10.37,10.36,10.13,10.55,9.69
"Weighted average interest rate","2001Q1",9.85,10.3,9.97,10.01,9.55,9.62,10.08
"Weighted average interest rate","2001Q2",8.85,9.59,9.22,9.17,8.59,8.76,8.1
"Weighted average interest rate","2001Q3",8.59,9.44,9,8.77,8.54,8,7.48
"Weighted average interest rate","2001Q4",7.4,8.61,8.09,8.39,7.93,7.31,5.99
"Weighted average interest rate","2002Q1",7.09,8.3,7.71,7.66,6.96,6.89,6.52
"Weighted average interest rate","2002Q2",7.1,7.75,7.52,7.09,7.11,7.25,6.35
"Weighted average interest rate","2002Q3",6.81,7.75,7.65,7.54,7.32,6.47,5.17
"Weighted average interest rate","2002Q4",6.9,7.7,7.36,7.47,6.74,6.9,6.31
"Weighted average interest rate","2003Q1",6.54,7.35,7.05,6.67,6.51,6.55,6.08
"Weighted average interest rate","2003Q2",6.71,7.22,7.07,6.59,6.97,6.63,6.27
"Weighted average interest rate","2003Q3",6.53,7.07,6.75,6.5,6.47,6.49,6.2
"Weighted average interest rate","2003Q4",6.21,7.06,6.81,6.6,6.35,6.17,5.02
"Weighted average interest rate","2004Q1",6.42,6.99,6.84,6.38,6.1,6.35,6.43
"Weighted average interest rate","2004Q2",6.28,7.05,6.76,6.26,6.24,5.98,6.08
"Weighted average interest rate","2004Q3",6.51,6.92,6.9,6.74,6.71,6.47,5.65
"Weighted average interest rate","2004Q4",7.12,7.62,7.06,7.04,7.46,6.99,7.06
"Weighted average interest rate","2005Q1",0.01,0.01,0.01,0.01,0.01,0.01,0.01
"Weighted average interest rate","2005Q2",7.38,7.65,7.62,7.32,7.12,7.33,7.34
"Weighted average interest rate","2005Q3",7.69,7.94,7.76,7.91,7.22,7.56,7.88
"Weighted average interest rate","2005Q4",8.05,8.32,8.19,7.74,8.31,7.72,8.25
"Weighted average interest rate","2006Q1",8.27,8.53,8.5,8.18,8.24,8.29,8.05
"Weighted average interest rate","2006Q2",8.47,8.49,8.79,8.56,8.77,8.46,8.27
"Weighted average interest rate","2006Q3",9,9.42,9.38,8.88,8.81,8.8,9.03
"Weighted average interest rate","2006Q4",8.82,9.12,8.91,9.19,8.78,8.58,8.74
"Weighted average interest rate","2007Q1",8.75,9.19,9.06,9.12,8.73,8.69,8.67
"Weighted average interest rate","2007Q2",9.04,9.22,9.24,8.98,9.28,9.04,8.75
"Weighted average interest rate","2007Q3",8.51,9.19,9.13,9.15,8.64,8.19,7.99
"Weighted average interest rate","2007Q4",8.36,9.04,8.75,8.82,8.71,8.62,7.84
"Weighted average interest rate","2008Q1",7.51,8.48,8.04,7.73,7.52,7.53,7.3
"Weighted average interest rate","2008Q2",6.82,7.55,7.18,7.06,7.13,6.81,6.55
"Weighted average interest rate","2008Q3",7,7.63,7.3,7.25,7.19,7.05,6.13
"Weighted average interest rate","2008Q4",6.29,7.37,7.34,7.15,6.89,6.67,5.18
"Weighted average interest rate","2009Q1",6.4,7.32,7,6.41,6.83,5.88,6.35
"Weighted average interest rate","2009Q2",6.4,6.96,6.75,6.94,6.59,6.41,5.9
"Weighted average interest rate","2009Q3",6.29,6.84,6.48,6.71,6.49,5.63,6.32
"Weighted average interest rate","2009Q4",6.46,7.04,6.68,7.08,6.6,6.66,5.84
"Weighted average interest rate","2010Q1",6.19,6.98,6.85,6.54,6.33,6.03,5.99
"Weighted average interest rate","2010Q2",6.45,6.87,6.77,6.26,6.42,6.38,6.4
"Standard error","1999Q4",0.16,0.1,0.19,0.32,0.22,0.29,0.07
"Standard error","2000Q1",0.09,0.1,0.11,0.18,0.14,0.13,0.03
"Standard error","2000Q2",0.22,0.16,0.16,0.17,0.32,0.5,1.15
"Standard error","2000Q3",0.09,0.22,0.18,0.15,0.19,0.48,0.36
"Standard error","2000Q4",0.11,0.09,0.06,0.09,0.35,0.44,0.77
"Standard error","2001Q1",0.14,0.15,0.13,0.15,0.19,0.33,0.53
"Standard error","2001Q2",0.1,0.08,0.19,0.15,0.33,0.2,0.33
"Standard error","2001Q3",0.1,0.09,0.15,0.12,0.35,0.21,0.92
"Standard error","2001Q4",0.29,0.08,0.2,0.22,0.49,0.11,0.78
"Standard error","2002Q1",0.15,0.09,0.13,0.18,0.3,0.28,0.4
"Standard error","2002Q2",0.16,0.16,0.11,0.27,0.1,0.1,0.88
"Standard error","2002Q3",0.35,0.12,0.11,0.09,0.2,0.35,1.29
"Standard error","2002Q4",0.19,0.15,0.11,0.24,0.24,0.4,0.47
"Standard error","2003Q1",0.15,0.03,0.05,0.09,0.07,0.15,0.56
"Standard error","2003Q2",0.11,0.14,0.11,0.26,0.2,0.08,0.3
"Standard error","2003Q3",0.16,0.08,0.15,0.16,0.19,0.33,0.38
"Standard error","2003Q4",0.19,0.1,0.07,0.13,0.17,0.38,0.57
"Standard error","2004Q1",0.1,0.14,0.18,0.14,0.29,0.13,0.18
"Standard error","2004Q2",0.14,0.11,0.07,0.2,0.09,0.32,0.29
"Standard error","2004Q3",0.17,0.13,0.06,0.15,0.26,0.36,0.57
"Standard error","2004Q4",0.13,0.15,0.13,0.12,0.16,0.27,0.15
"Standard error","2005Q1",0,0,0,0,0,0,0
"Standard error","2005Q2",0.18,0.1,0.13,0.27,0.32,0.17,0.74
"Standard error","2005Q3",0.11,0.1,0.18,0.22,0.32,0.21,0.39
"Standard error","2005Q4",0.16,0.15,0.07,0.31,0.28,0.29,0.08
"Standard error","2006Q1",0.11,0.1,0.04,0.14,0.11,0.26,0.18
"Standard error","2006Q2",0.16,0.21,0.13,0.22,0.39,0.21,0.16
"Standard error","2006Q3",0.13,0.17,0.18,0.14,0.22,0.23,0.27
"Standard error","2006Q4",0.11,0.19,0.04,0.06,0.23,0.32,0.23
"Standard error","2007Q1",0.14,0.14,0.22,0.14,0.16,0.21,0.23
"Standard error","2007Q2",0.07,0.09,0.1,0.16,0.11,0.15,0.19
"Standard error","2007Q3",0.22,0.17,0.14,0.17,0.27,0.16,0.52
"Standard error","2007Q4",0.17,0.14,0.08,0.12,0.18,0.19,0.39
"Standard error","2008Q1",0.17,0.31,0.17,0.21,0.23,0.2,0.28
"Standard error","2008Q2",0.13,0.18,0.18,0.21,0.24,0.33,0.14
"Standard error","2008Q3",0.14,0.12,0.2,0.1,0.42,0.32,0.37
"Standard error","2008Q4",0.21,0.18,0.12,0.42,0.22,0.2,0.63
"Standard error","2009Q1",0.22,0.22,0.24,0.11,0.3,0.16,0.51
"Standard error","2009Q2",0.14,0.23,0.18,0.29,0.21,0.27,0.15
"Standard error","2009Q3",0.21,0.21,0.14,0.26,0.28,0.23,0.47
"Standard error","2009Q4",0.13,0.21,0.19,0.28,0.25,0.25,0.27
"Standard error","2010Q1",0.09,0.36,0.1,0.21,0.12,0.31,0.26
"Standard error","2010Q2",0.06,0.2,0.11,0.12,0.12,0.24,0.2
"75th percentile","1999Q4",10.2,10.52,10.65,10.38,10.42,9.58,9.5
"75th percentile","2000Q1",10.52,10.97,10.89,10.85,10.51,10.24,9.11
"75th percentile","2000Q2",10.82,11.16,10.96,10.78,10.65,11.63,10.12
"75th percentile","2000Q3",11.07,11.56,11.33,10.94,10.99,11.07,11.07
"75th percentile","2000Q4",10.82,11.16,10.96,10.78,10.65,11.63,10.12
"75th percentile","2001Q1",10.52,10.78,10.51,10.61,10.2,10.34,10.75
"75th percentile","2001Q2",9.58,10.11,9.92,9.91,9.42,9.43,8.68
"75th percentile","2001Q3",9.2,10.17,9.77,9.42,9.14,8.6,8.6
"75th percentile","2001Q4",8.5,9.15,8.87,9,8.54,7.9,5.9
"75th percentile","2002Q1",7.9,9.11,8.29,8.67,7.9,7.75,7
"75th percentile","2002Q2",8,8.33,8.3,8.05,7.75,8.01,7.38
"75th percentile","2002Q3",8,8.38,8.38,8.22,8.12,7.1,5.75
"75th percentile","2002Q4",7.64,8.25,8.01,8.01,7.38,7.75,7.25
"75th percentile","2003Q1",7.38,8.03,7.67,7.5,7.25,7.25,7.25
"75th percentile","2003Q2",7.38,7.79,7.76,7.54,7.65,7.23,7.02
"75th percentile","2003Q3",7.49,7.64,7.41,7.25,7.12,7.5,6.65
"75th percentile","2003Q4",7,7.74,7.63,7.12,6.81,7.08,6.17
"75th percentile","2004Q1",7,7.75,7.5,7.2,6.75,7.25,6.98
"75th percentile","2004Q2",6.96,7.81,7.5,7.12,6.75,6.78,6.75
"75th percentile","2004Q3",7.38,7.73,7.69,7.52,7.45,7.03,7.02
"75th percentile","2004Q4",7.79,8.28,7.72,7.74,7.9,8,7.79
"75th percentile","2005Q1",0.01,0.01,0.01,0.01,0.01,0.01,0.01
"75th percentile","2005Q2",7.9,8.33,8.06,7.82,8,7.76,7.38
"75th percentile","2005Q3",8.43,8.46,8.43,8.52,8.03,8.57,8.03
"75th percentile","2005Q4",8.5,8.77,8.85,8.57,9.2,8.25,8.4
"75th percentile","2006Q1",8.82,9.1,9.03,8.82,8.93,8.98,8.34
"75th percentile","2006Q2",9,9.14,9.31,9.1,9.15,9,8.8
"75th percentile","2006Q3",9.5,9.96,10.01,9.31,9.51,9.37,9.5
"75th percentile","2006Q4",9.3,9.67,9.35,9.73,9.35,9.19,9.02
"75th percentile","2007Q1",9.42,9.73,9.69,9.65,9.5,9.47,9.42
"75th percentile","2007Q2",9.5,9.73,9.78,9.38,9.87,9.5,8.88
"75th percentile","2007Q3",9.26,9.69,9.72,9.75,9.42,8.54,8.28
"75th percentile","2007Q4",9.01,9.56,9.26,9.35,9.45,9.11,9
"75th percentile","2008Q1",8.24,9.46,8.57,8.3,8.06,8.26,8.03
"75th percentile","2008Q2",7.28,8.18,7.95,7.95,8.08,7.68,6.78
"75th percentile","2008Q3",7.64,8.5,8,8,7.64,7.6,6.09
"75th percentile","2008Q4",7.5,8.16,8.13,7.87,7.64,7.5,5.65
"75th percentile","2009Q1",7.25,8.07,8.11,7.21,7.76,6.5,8
"75th percentile","2009Q2",7,7.64,7.71,7.59,7.01,7.18,6.25
"75th percentile","2009Q3",7,7.64,7.39,7.79,7,6,6.61
"75th percentile","2009Q4",7.01,7.92,7.38,8,7.02,7.5,6.18
"75th percentile","2010Q1",7.13,7.64,7.5,7.04,7.25,6.76,7.23
"75th percentile","2010Q2",6.98,7.64,7.5,6.76,6.65,6.61,7
"25th percentile","1999Q4",9,9.25,9.24,8.57,9,8.3,9.14
"25th percentile","2000Q1",9.11,9.69,9.51,9.65,9.25,8.77,9
"25th percentile","2000Q2",9.91,10,9.92,9.88,9,10,10.01
"25th percentile","2000Q3",9.84,10,10.12,9.76,9.73,9.69,9.92
"25th percentile","2000Q4",9.91,10,9.92,9.88,9,10,10.01
"25th percentile","2001Q1",9.11,9.75,9.43,9.42,8.72,8.59,8.5
"25th percentile","2001Q2",8,9.09,8.51,8.26,7.76,7.98,7.4
"25th percentile","2001Q3",7.98,8.68,8.3,8.16,8,7.5,5.1
"25th percentile","2001Q4",5.9,8.04,7.12,7.79,7,6.87,5.12
"25th percentile","2002Q1",6,7.45,7,6.75,5.75,5.79,4.86
"25th percentile","2002Q2",6.18,7.12,6.86,5.75,6.6,6.98,4.84
"25th percentile","2002Q3",5.75,7.12,6.96,6.96,6.86,5.75,4.14
"25th percentile","2002Q4",5.89,7.18,6.92,6.93,6,6.17,5.64
"25th percentile","2003Q1",5.75,6.51,6.45,5.92,6.14,5.75,4.81
"25th percentile","2003Q2",6.17,6.6,6.34,5.84,6.35,6.14,6.17
"25th percentile","2003Q3",5.62,6.3,6,5.61,5.91,5.62,5.25
"25th percentile","2003Q4",5.51,6.16,6.12,6.08,5.9,5.25,3.79
"25th percentile","2004Q1",5.95,6.11,6.09,5.51,5.51,5.83,6
"25th percentile","2004Q2",5.27,6.14,6,5.39,5.12,4.88,5.27
"25th percentile","2004Q3",5.9,6.11,6,5.9,6.18,6.02,4.34
"25th percentile","2004Q4",6.7,6.88,6.65,6.51,6.86,6.18,6.7
"25th percentile","2005Q1",0.01,0.01,0.01,0.01,0.01,0.01,0.01
"25th percentile","2005Q2",6.86,6.88,7.04,6.96,6.25,6.88,6.76
"25th percentile","2005Q3",7.23,7.47,7.26,7.25,6.98,6.72,7.51
"25th percentile","2005Q4",7.64,7.73,7.64,7.25,7.75,7.1,8.25
"25th percentile","2006Q1",7.64,8,7.96,7.62,7.71,7.54,7.64
"25th percentile","2006Q2",7.98,8.04,8.15,8.22,7.75,7.76,7.98
"25th percentile","2006Q3",8.33,8.66,8.78,8.1,8.23,8.22,8.24
"25th percentile","2006Q4",8.17,8.31,8.49,8.7,8.16,8.06,8.17
"25th percentile","2007Q1",8.26,8.3,8.45,8.77,8.25,8.03,8.75
"25th percentile","2007Q2",8.42,8.61,8.8,8.3,8.75,8.37,8.25
"25th percentile","2007Q3",7.76,8.5,8.5,8.45,7.93,7.76,7.14
"25th percentile","2007Q4",7.63,8.34,8.38,8.49,8.19,8.42,7.38
"25th percentile","2008Q1",6.93,7.51,7.48,7.2,6.7,6.96,6.5
"25th percentile","2008Q2",6.09,6.94,6.4,6.35,6.18,6.01,6.09
"25th percentile","2008Q3",6.09,6.82,6.4,6.16,6.5,6.17,6.09
"25th percentile","2008Q4",4.5,6.5,6.76,6.69,6.18,6.06,4.08
"25th percentile","2009Q1",5.39,6.39,6.17,6,6.02,5.24,5.06
"25th percentile","2009Q2",5.88,6.14,6.06,6.17,6.17,5,5.88
"25th percentile","2009Q3",5.5,6.08,5.74,5.33,5.65,5.03,5.53
"25th percentile","2009Q4",5.88,6.11,6.15,6.4,6.09,6.03,5.64
"25th percentile","2010Q1",5.26,6.36,6.18,6.09,5.63,5.5,5.08
"25th percentile","2010Q2",5.9,6.15,6.14,5.75,6.01,5.79,5.9
"Feeder livestock","1999Q4",9.37,10.06,9.12,9.52,9.44,9.37,9.14
"Feeder livestock","2000Q1",9.55,10.19,9.9,9.68,10.59,9.09,.
"Feeder livestock","2000Q2",10.24,10.03,9.81,10.39,9.56,10.67,.
"Feeder livestock","2000Q3",10.42,10.77,10.39,10.37,10.38,10.82,10.19
"Feeder livestock","2000Q4",10.24,10.03,9.81,10.39,9.56,10.67,.
"Feeder livestock","2001Q1",10.21,9.91,10.07,10.42,10.04,10.27,.
"Feeder livestock","2001Q2",9.34,9.5,9.64,9.15,9.13,9.42,.
"Feeder livestock","2001Q3",8.63,10.23,8.59,8.47,9.47,7.94,.
"Feeder livestock","2001Q4",7.82,8.85,8.11,8.44,7.33,7.48,.
"Feeder livestock","2002Q1",7.37,8.55,8.02,7.76,7.45,6.02,7.87
"Feeder livestock","2002Q2",6.96,8.85,8.18,7.14,6.78,7,6
"Feeder livestock","2002Q3",7.72,6.92,8.5,8.03,6.77,8.27,.
"Feeder livestock","2002Q4",6.83,7.57,6.93,7.98,7.23,6.12,5.83
"Feeder livestock","2003Q1",6.51,7.78,6.94,6.98,6.34,6.34,5.35
"Feeder livestock","2003Q2",6.97,7.34,7.41,6.24,7.12,6.09,.
"Feeder livestock","2003Q3",6.2,7.26,6.99,6.76,5.94,6.6,5.25
"Feeder livestock","2003Q4",6.29,6.53,6.6,7.13,6.09,6.03,5.51
"Feeder livestock","2004Q1",6.35,6.79,5.52,5.92,6.89,6.32,7
"Feeder livestock","2004Q2",5.76,7.58,5.86,6.25,6.61,5.16,.
"Feeder livestock","2004Q3",6.34,6.78,6.44,6.2,6.1,.,.
"Feeder livestock","2004Q4",6.57,7.83,7.24,6.26,7.44,6.14,5.92
"Feeder livestock","2005Q1",0.01,0.01,0.01,0.01,0.01,0.01,0.01
"Feeder livestock","2005Q2",7.38,8.28,7.55,7.54,7.25,7.22,.
"Feeder livestock","2005Q3",7.59,9.29,7.23,8.11,7.82,7.19,7.51
"Feeder livestock","2005Q4",7.9,8.73,7.84,7.26,8.12,7.81,8.4
"Feeder livestock","2006Q1",8.16,8.34,8,7.61,8.33,8.34,8.34
"Feeder livestock","2006Q2",7.91,8.97,8.74,8.26,8.6,8.81,7.44
"Feeder livestock","2006Q3",8.44,9.16,8.96,8.42,9.09,9.33,8.2
"Feeder livestock","2006Q4",8.74,9.32,8.92,8.61,8.31,8.21,9.3
"Feeder livestock","2007Q1",9.06,9.79,8.59,9.65,8.54,9.09,9.09
"Feeder livestock","2007Q2",9.26,9.53,9.54,8.63,9.55,9.01,9.99
"Feeder livestock","2007Q3",8.65,9.17,8.77,9.44,8.14,8.14,.
"Feeder livestock","2007Q4",8.79,8.39,8.2,8.98,9.24,8.57,8.85
"Feeder livestock","2008Q1",6.93,8.76,7.71,7.6,.,7.68,6.5
"Feeder livestock","2008Q2",6.59,8.03,8.66,7.63,6.45,7.02,5
"Feeder livestock","2008Q3",6.34,8.02,6.56,7.83,6.59,6.92,5.06
"Feeder livestock","2008Q4",4.79,6.82,7.23,7.68,6.87,6.38,4.07
"Feeder livestock","2009Q1",7.53,6.75,6.22,6.08,6.06,6.33,8.75
"Feeder livestock","2009Q2",7.02,6.69,7.02,7.12,7.14,7,6.9
"Feeder livestock","2009Q3",5.89,6.34,5.83,7.16,7.46,5.16,5.77
"Feeder livestock","2009Q4",6.35,7.21,6.88,7.94,6.18,6.86,5.06
"Feeder livestock","2010Q1",5.57,6.8,6.69,5.76,5.41,5.62,5.08
"Feeder livestock","2010Q2",6.04,6.67,7.03,6.98,5.99,7.5,5.53
"Other livestock","1999Q4",9.73,10.09,9.96,9.86,9.65,6,11.25
"Other livestock","2000Q1",10.46,10.67,10.23,10.87,9.75,10.4,.
"Other livestock","2000Q2",10.76,11.06,10.63,10.41,10.54,12.19,.
"Other livestock","2000Q3",10.74,11.43,10.62,10.08,9.73,11.02,11.07
"Other livestock","2000Q4",10.76,11.06,10.63,10.41,10.54,12.19,.
"Other livestock","2001Q1",10.3,10.91,10.57,10.67,9.89,10.62,9.96
"Other livestock","2001Q2",9.4,9.71,9.72,9.35,9.51,9.03,.
"Other livestock","2001Q3",9.34,9.75,9.99,9.11,8.5,.,.
"Other livestock","2001Q4",8.01,9.03,7.68,8.72,8.01,7.58,.
"Other livestock","2002Q1",7.38,8.23,7.74,7.47,6.55,7.51,.
"Other livestock","2002Q2",7.51,8.2,7.15,7.64,8.54,7.53,6.98
"Other livestock","2002Q3",7.72,8.33,8.28,7.68,7.08,.,.
"Other livestock","2002Q4",7.26,8.17,7.46,7.41,6.64,5.75,.
"Other livestock","2003Q1",6.86,7.43,7.09,6.66,7.01,6.61,.
"Other livestock","2003Q2",6.93,7.89,6.23,7.03,7.5,6.24,.
"Other livestock","2003Q3",7.05,7.7,7.74,7.51,6.81,5.89,.
"Other livestock","2003Q4",6.95,7.65,7.5,6.54,7.29,6.95,.
"Other livestock","2004Q1",6.93,7.49,8.09,7.01,5.8,7.02,.
"Other livestock","2004Q2",7.19,7.49,7.86,7.01,7.98,6.31,.
"Other livestock","2004Q3",6.99,7.12,7.04,7.23,7.48,6.5,6.87
"Other livestock","2004Q4",6.88,8.02,6.73,7.42,8.12,7.98,5.64
"Other livestock","2005Q1",0.01,0.01,0.01,0.01,0.01,0.01,0.01
"Other livestock","2005Q2",7.47,8.35,7.6,7.43,7.95,6.88,.
"Other livestock","2005Q3",7.88,8.52,7.51,8.83,7.48,.,.
"Other livestock","2005Q4",8.44,8.57,8.5,8.33,8.56,8.42,8.25
"Other livestock","2006Q1",8.56,8.94,9,8.38,8.6,8.44,.
"Other livestock","2006Q2",8.98,9.03,8.84,9.3,7.76,9.08,.
"Other livestock","2006Q3",9.6,9.99,9.56,9.34,9.26,9.21,9.8
"Other livestock","2006Q4",8.88,9.42,9.18,9.39,8.81,8.65,8.71
"Other livestock","2007Q1",8.93,8.7,9.17,10.17,9.56,9.07,7.25
"Other livestock","2007Q2",9.29,9.74,8.94,9.06,9.35,9.5,.
"Other livestock","2007Q3",9.19,9.55,9.47,9.26,9.58,8.62,.
"Other livestock","2007Q4",8.5,10.33,8.9,9.35,9.13,9.24,7.45
"Other livestock","2008Q1",8.08,9.44,7.92,8.04,8.3,8.31,7.25
"Other livestock","2008Q2",7.75,8.7,7.33,7.47,7.9,7.75,.
"Other livestock","2008Q3",6.51,8.06,7.78,8.06,7.92,6.17,6.08
"Other livestock","2008Q4",7.2,8,7.76,6.61,6.96,6.33,8.46
"Other livestock","2009Q1",7.5,8.4,7.24,7,7.77,.,.
"Other livestock","2009Q2",7.06,7.19,7.29,7.69,6.37,6.87,.
"Other livestock","2009Q3",6.19,5.93,6.61,6.27,6.93,5.57,.
"Other livestock","2009Q4",7.45,7.93,6.2,7.66,7.36,7.64,.
"Other livestock","2010Q1",7.09,9.12,6.98,6.94,.,6.77,.
"Other livestock","2010Q2",6.67,7.69,6.63,5.95,7.25,6.17,.
"Other current operating expenses","1999Q4",9.69,9.99,9.91,9.8,9.8,9.29,9.5
"Other current operating expenses","2000Q1",9.95,10.2,10.13,10.22,9.98,9.73,9.07
"Other current operating expenses","2000Q2",10.47,10.66,10.36,10.7,10.97,10.75,10.06
"Other current operating expenses","2000Q3",10.68,10.54,10.87,10.66,10.1,10.78,11.07
"Other current operating expenses","2000Q4",10.47,10.66,10.36,10.7,10.97,10.75,10.06
"Other current operating expenses","2001Q1",10.04,10.13,10.03,9.94,9.48,9.87,10.82
"Other current operating expenses","2001Q2",8.85,9.59,9.2,9.04,8.05,9.27,8.16
"Other current operating expenses","2001Q3",8.69,9.33,9.12,8.83,7.83,7.64,8.6
"Other current operating expenses","2001Q4",8.25,8.52,8.24,8.75,8.55,7.35,8.5
"Other current operating expenses","2002Q1",7.41,8.28,7.65,7.59,6.99,7.51,7.12
"Other current operating expenses","2002Q2",7.26,7.67,7.45,7.21,6.94,7.51,6.6
"Other current operating expenses","2002Q3",7.31,7.66,7.58,7.55,7.4,6.3,6.65
"Other current operating expenses","2002Q4",7.1,7.58,7.37,7.45,6.4,6.9,6.94
"Other current operating expenses","2003Q1",6.54,7.32,7.04,6.66,6.73,6.66,5.15
"Other current operating expenses","2003Q2",6.78,7.14,7.14,6.59,6.88,6.69,6.25
"Other current operating expenses","2003Q3",6.46,7.08,6.54,6.2,6.46,6.28,4.55
"Other current operating expenses","2003Q4",5.88,7.07,6.64,6.36,6.06,6.38,4.53
"Other current operating expenses","2004Q1",6.38,6.95,6.75,6.49,6.13,6.07,6.42
"Other current operating expenses","2004Q2",6.4,6.95,6.72,6.11,6.24,6.84,5.83
"Other current operating expenses","2004Q3",6.71,6.9,6.9,6.66,6.75,6.56,6.02
"Other current operating expenses","2004Q4",7.19,7.49,7.04,7.26,7.38,6.87,7.32
"Other current operating expenses","2005Q1",0.01,0.01,0.01,0.01,0.01,0.01,0.01
"Other current operating expenses","2005Q2",7.4,7.54,7.48,7.33,6.94,7.45,7.51
"Other current operating expenses","2005Q3",7.88,7.9,7.88,7.8,7.2,8.03,8.75
"Other current operating expenses","2005Q4",8.15,8.19,8.09,7.67,8.49,8.09,8.36
"Other current operating expenses","2006Q1",8.28,8.49,8.44,8.36,8.33,8.3,7.93
"Other current operating expenses","2006Q2",8.55,8.35,8.76,8.65,8.39,8.8,8.43
"Other current operating expenses","2006Q3",9.28,9.4,9.58,9.15,8.62,9.2,9.43
"Other current operating expenses","2006Q4",9.05,9.04,8.87,9.38,8.89,9.51,8.59
"Other current operating expenses","2007Q1",8.67,9.05,9.08,9.02,8.79,8.61,8.6
"Other current operating expenses","2007Q2",9.03,9.09,9.31,9.2,9.33,9.11,8.73
"Other current operating expenses","2007Q3",9.03,9.09,9.2,9.4,8.45,8.77,9.13
"Other current operating expenses","2007Q4",8.27,8.86,8.71,8.62,8.71,8.99,7.26
"Other current operating expenses","2008Q1",7.61,8.19,8.09,7.58,7.28,7.61,7.57
"Other current operating expenses","2008Q2",6.86,7.28,6.99,7.01,7.09,6.78,6.67
"Other current operating expenses","2008Q3",7.23,7.43,7.11,7.23,6.87,7.61,6.85
"Other current operating expenses","2008Q4",6.5,7.22,7.3,6.99,6.86,6.44,5.45
"Other current operating expenses","2009Q1",6.42,7.02,7.08,6.33,6.7,5.84,6.51
"Other current operating expenses","2009Q2",6.17,6.71,6.56,6.75,6.43,5.93,5.68
"Other current operating expenses","2009Q3",6.08,6.73,6.56,6.65,6.07,5.28,5.42
"Other current operating expenses","2009Q4",6.48,6.79,6.6,6.72,6.65,7.51,6.07
"Other current operating expenses","2010Q1",6.05,6.61,6.7,6.64,6.27,5.74,5.89
"Other current operating expenses","2010Q2",6.41,6.51,6.7,6.1,6.36,6.34,6.43
"Farm machinery and equipment","1999Q4",9.6,9.97,9.69,9.43,9.62,9.4,9.42
"Farm machinery and equipment","2000Q1",10.07,10.45,10.29,9.2,10.56,9.36,.
"Farm machinery and equipment","2000Q2",10.26,10.82,10.41,9.96,9.8,.,.
"Farm machinery and equipment","2000Q3",10.51,11.07,10.24,10.78,11.02,10.4,.
"Farm machinery and equipment","2000Q4",10.26,10.82,10.41,9.96,9.8,.,.
"Farm machinery and equipment","2001Q1",9.35,10.33,9.41,9.84,9.46,8.85,.
"Farm machinery and equipment","2001Q2",9.21,9.6,8.67,9.29,9.57,.,.
"Farm machinery and equipment","2001Q3",8.76,9.43,8.55,8.45,9.65,8.87,.
"Farm machinery and equipment","2001Q4",7.96,8.66,7.97,7.83,6.72,8.66,.
"Farm machinery and equipment","2002Q1",7.47,8.59,7.82,7.25,7.31,7.05,.
"Farm machinery and equipment","2002Q2",7.23,7.57,7.72,7.77,7.43,6.78,.
"Farm machinery and equipment","2002Q3",7.84,7.97,7.55,7.57,9,.,.
"Farm machinery and equipment","2002Q4",7.54,8.02,7.54,6.82,6.96,9.11,.
"Farm machinery and equipment","2003Q1",6.8,7.49,7.31,6.39,6.7,6.62,6.97
"Farm machinery and equipment","2003Q2",6.62,7.44,7.11,5.75,6.17,7.06,.
"Farm machinery and equipment","2003Q3",6.98,6.82,6.93,6.97,6.84,7.15,.
"Farm machinery and equipment","2003Q4",7.03,7.48,6.98,6.71,6.68,8,.
"Farm machinery and equipment","2004Q1",6.48,7.19,6.99,6.37,6.12,6.99,6.25
"Farm machinery and equipment","2004Q2",6.52,7.35,7.07,6.46,5.55,.,.
"Farm machinery and equipment","2004Q3",6.7,6.71,7.23,6.74,6.11,5.48,7.02
"Farm machinery and equipment","2004Q4",6.93,7.93,6.95,7.09,6.63,6.88,.
"Farm machinery and equipment","2005Q1",0.01,0.01,0.01,0.01,0.01,0.01,.
"Farm machinery and equipment","2005Q2",7.57,7.35,8.04,7.14,8.25,7,.
"Farm machinery and equipment","2005Q3",7.94,7.81,7.32,7.45,7.92,8.95,.
"Farm machinery and equipment","2005Q4",8.23,8.55,8.68,7.99,8.15,7.74,.
"Farm machinery and equipment","2006Q1",8.48,8.2,8.92,8.1,8.5,8.55,.
"Farm machinery and equipment","2006Q2",8.8,8.47,8.73,8.62,9.76,9.17,8.57
"Farm machinery and equipment","2006Q3",8.81,9.7,9.15,8.27,9.33,8.83,.
"Farm machinery and equipment","2006Q4",8.53,9.45,8.86,9.34,7.22,7.22,.
"Farm machinery and equipment","2007Q1",9.03,9.75,8.93,8.94,8.17,9.11,.
"Farm machinery and equipment","2007Q2",8.68,9.53,8.9,8.4,.,8.59,.
"Farm machinery and equipment","2007Q3",8.29,9.62,8.99,8.8,9.6,7.57,8.1
"Farm machinery and equipment","2007Q4",8.78,9.56,8.77,8.52,8.65,9.27,.
"Farm machinery and equipment","2008Q1",7.94,8.48,8.11,8.14,8.83,6.92,.
"Farm machinery and equipment","2008Q2",6.8,7.95,7.56,6.76,6.74,6.74,6.23
"Farm machinery and equipment","2008Q3",7.17,7.63,7.94,7.25,7.72,5.88,.
"Farm machinery and equipment","2008Q4",7.49,8.08,7.73,7.72,7.02,8.75,.
"Farm machinery and equipment","2009Q1",5.89,7.77,6.8,6.72,6.38,5.73,4.75
"Farm machinery and equipment","2009Q2",6.58,7.7,7.02,6.99,6.69,9,5.11
"Farm machinery and equipment","2009Q3",7.16,8.44,6.62,7.31,6.79,7.45,.
"Farm machinery and equipment","2009Q4",7.07,6.78,7.14,7.29,6.54,.,.
"Farm machinery and equipment","2010Q1",6.98,7.48,7.12,6.38,7.24,6.17,.
"Farm machinery and equipment","2010Q2",6.78,8.3,7.02,6.86,6.41,6.7,6.51
"Farm real estate","1999Q4",8.05,10.04,10.14,7.5,7.76,7.79,10
"Farm real estate","2000Q1",9.09,10.3,10.77,.,8.69,9.06,9
"Farm real estate","2000Q2",8.88,8.92,10.14,9.73,8.8,8.72,7.76
"Farm real estate","2000Q3",10.13,11.32,10.22,9.97,9.92,.,.
"Farm real estate","2000Q4",8.88,8.92,10.14,9.73,8.8,8.72,7.76
"Farm real estate","2001Q1",9.23,8.85,9.35,9.4,9.1,9.08,9.96
"Farm real estate","2001Q2",8.29,8.33,8.98,9.52,8.53,8.15,8
"Farm real estate","2001Q3",8.42,9.79,8.6,9.08,8.15,8.26,.
"Farm real estate","2001Q4",7.31,8.12,7.67,7.5,7,7.12,.
"Farm real estate","2002Q1",6.28,6.54,6.4,6.84,8,7.04,4.86
"Farm real estate","2002Q2",7.47,7.39,5.9,8.3,7.08,6.8,8.09
"Farm real estate","2002Q3",6.49,8.21,7.4,.,6.86,6.39,6.4
"Farm real estate","2002Q4",6.17,6.23,6,7.25,6.08,7,5.85
"Farm real estate","2003Q1",6.33,6.02,6.35,6.67,5.74,6.06,7.32
"Farm real estate","2003Q2",6.62,7.01,7.31,6.21,6.74,6.6,6.61
"Farm real estate","2003Q3",6.41,6.91,7.29,6.73,6.37,5.98,6.51
"Farm real estate","2003Q4",6.11,6.34,7.19,5.54,6.09,5.2,6.32
"Farm real estate","2004Q1",6.24,7.67,6.9,6.89,6.03,6.09,.
"Farm real estate","2004Q2",5.86,7.46,6.49,6.08,6.24,5.66,6.07
"Farm real estate","2004Q3",5.24,6.52,6.4,6.91,6.5,6.39,4.33
"Farm real estate","2004Q4",7.11,6.18,7.02,6.56,6.7,7.12,7.39
"Farm real estate","2005Q1",0.01,0.01,0.01,0.01,0.01,0.01,0.01
"Farm real estate","2005Q2",7,5.56,8.01,6.96,6.13,7.38,6.93
"Farm real estate","2005Q3",7.28,.,7.94,8.3,6.5,7.01,7.64
"Farm real estate","2005Q4",7.69,8.24,8.37,7.95,.,7.25,7.79
"Farm real estate","2006Q1",7.38,7.95,.,7.89,7.46,6.82,.
"Farm real estate","2006Q2",8.01,9.11,9.37,7.97,10.59,7.63,7.77
"Farm real estate","2006Q3",8.33,9.13,8.95,8.64,8.02,8.22,8.47
"Farm real estate","2006Q4",8.27,7.09,7.5,8.45,8.76,8.38,8.18
"Farm real estate","2007Q1",8.5,.,.,.,9.02,8.53,8
"Farm real estate","2007Q2",8.63,.,8.86,9.41,8.59,.,8.14
"Farm real estate","2007Q3",7.92,7.68,8.01,8.02,7.94,7.88,.
"Farm real estate","2007Q4",7.35,.,8.84,7.75,7.53,7.27,7.32
"Farm real estate","2008Q1",7.35,.,7.79,8.16,7.49,7.53,6.73
"Farm real estate","2008Q2",6.5,8.06,7.49,7.07,6.66,6.07,6.57
"Farm real estate","2008Q3",6.61,8.67,6.7,6.94,7.09,6.23,.
"Farm real estate","2008Q4",7.17,7.21,6.41,8.15,7.2,7.35,6.84
"Farm real estate","2009Q1",6.17,6.57,6.87,6,7.54,6.04,5.65
"Farm real estate","2009Q2",6.38,.,6.57,.,6.5,6.37,6.37
"Farm real estate","2009Q3",6.39,6.09,7.06,5.17,6.89,6.09,6.55
"Farm real estate","2009Q4",6,7.79,6.15,5.35,6.14,6.2,5.64
"Farm real estate","2010Q1",6.49,.,7.54,6.14,6.35,7.16,6.33
"Farm real estate","2010Q2",6.09,7.52,7.05,6.98,5.98,5.98,6.01
"Other","1999Q4",9.6,9.41,9.15,8.62,10.91,9.18,9.36
"Other","2000Q1",9.93,10.32,9.75,9.83,9.68,10.26,.
"Other","2000Q2",10.18,10.47,10.77,9.92,9.7,10.14,.
"Other","2000Q3",10.22,10.42,10.65,9.61,11.3,.,9.92
"Other","2000Q4",10.18,10.47,10.77,9.92,9.7,10.14,.
"Other","2001Q1",9.24,11.27,9.94,9.75,8.78,9.78,8.5
"Other","2001Q2",8.84,9.52,8.86,9.88,9.49,9.04,7.98
"Other","2001Q3",7.67,9.68,8.19,8.25,8.47,.,7.1
"Other","2001Q4",5.61,8.09,7.41,6.61,.,5.87,5.46
"Other","2002Q1",6.45,8.13,8.15,8.62,6.52,6.06,5.09
"Other","2002Q2",6.07,7.7,6.84,6.45,7.18,7.19,4.84
"Other","2002Q3",5.16,8.07,7.51,6.02,6.7,6.29,4.72
"Other","2002Q4",5.64,8.45,8.05,6.39,7.76,.,4.25
"Other","2003Q1",6.41,7.38,7.39,6.65,6.58,7.36,6.13
"Other","2003Q2",6.27,7.82,6.63,8.03,6.85,6.57,5.78
"Other","2003Q3",6.61,6.62,7.07,5.96,6.08,7.23,6.5
"Other","2003Q4",5.63,5.98,6.61,6.39,5.65,4.59,.
"Other","2004Q1",5.95,5.99,5.85,5.92,6.04,5.86,.
"Other","2004Q2",6.28,6.63,5.69,6.34,5.72,5.96,6.83
"Other","2004Q3",5.28,7.41,6.36,6.77,.,.,4.56
"Other","2004Q4",7.85,7.76,7.44,6.79,8.72,8.16,.
"Other","2005Q1",0.01,0.01,0.01,0.01,0.01,0.01,.
"Other","2005Q2",7.52,8.58,8.95,.,7.13,6.75,.
"Other","2005Q3",7.36,8.3,7.76,8.45,3.53,6.1,7.76
"Other","2005Q4",7.48,8.31,8.35,8.2,8.27,5.54,.
"Other","2006Q1",8.35,10.2,7.75,7.91,8.1,8.61,8.33
"Other","2006Q2",8.49,9.3,8.3,6.91,.,8.75,8.49
"Other","2006Q3",8.87,9.5,8.05,9.25,9.92,8.6,.
"Other","2006Q4",9.16,9.51,9.07,8.67,9.44,8.03,.
"Other","2007Q1",8.95,9.97,9.42,9.18,7.5,.,9.14
"Other","2007Q2",9.13,8.86,9.74,9.04,9.57,8.94,.
"Other","2007Q3",7.44,9.42,.,.,8.98,.,7.14
"Other","2007Q4",8.87,8.84,9.34,8.68,9.03,.,.
"Other","2008Q1",6.56,12.75,8.14,7.38,7.32,4.8,6.61
"Other","2008Q2",6.71,7.5,8.42,6.4,6.82,.,6.4
"Other","2008Q3",7.56,9.48,7.95,6.85,7.25,7.75,.
"Other","2008Q4",7.1,8.31,7.15,.,6.54,7.47,.
"Other","2009Q1",5.1,7.85,7.79,6.36,7.27,5.42,4.58
"Other","2009Q2",6.68,7.95,6.44,7.55,7.16,6.16,6.7
"Other","2009Q3",6.99,7.76,5.96,7.51,6.92,5.59,7.76
"Other","2009Q4",6.75,8.79,6.75,7.06,6.58,6.45,.
"Other","2010Q1",6.67,5.18,7.43,7.76,7.41,6.82,6.25
"Other","2010Q2",7.02,7.74,6.94,6.05,6.82,6.25,7.24
"Floating rate","1999Q4",38.54,45.79,50.29,28.46,45.65,25.01,44.18
"Floating rate","2000Q1",47.81,42.06,41.04,52.3,49.22,49.19,61.54
"Floating rate","2000Q2",30.48,32.38,29.13,36.97,45.72,43.4,.
"Floating rate","2000Q3",56.12,44.81,44.63,45.03,56.19,64.62,82.77
"Floating rate","2000Q4",30.48,32.38,29.13,36.97,45.72,43.4,.
"Floating rate","2001Q1",56.65,46.4,44.54,55.61,54,53.13,80.34
"Floating rate","2001Q2",52.58,38.96,34.94,44.19,36.1,63.53,81.44
"Floating rate","2001Q3",49.71,39.54,45.94,32.6,65.04,58.16,69.04
"Floating rate","2001Q4",60.89,42.93,44.58,43.05,50.74,47.85,100
"Floating rate","2002Q1",54.04,42.92,37.36,41.52,56.55,64.83,52.58
"Floating rate","2002Q2",59.52,51.71,46.35,57.8,48.81,60.54,77.06
"Floating rate","2002Q3",42.83,57.6,52.28,50.96,39.78,63.51,6.94
"Floating rate","2002Q4",63.17,51.57,45.1,51.57,41.23,61.18,85.86
"Floating rate","2003Q1",58.6,56.02,54.37,47.2,51.44,63.11,67.25
"Floating rate","2003Q2",43.81,51.85,44.79,37.59,30.43,38.51,60
"Floating rate","2003Q3",55.43,49.89,44.38,52.58,56.38,59.11,63.23
"Floating rate","2003Q4",42.63,40.83,42.93,43.13,30.27,51.84,47.43
"Floating rate","2004Q1",43.23,44.6,46.69,39.56,54,58.46,27.53
"Floating rate","2004Q2",56.43,51.12,46.68,51.99,38.52,51.97,82.62
"Floating rate","2004Q3",42.45,39.86,41.45,37.87,36.09,46.91,48.1
"Floating rate","2004Q4",51.6,48.9,39.34,54.71,43.49,55.74,53.13
"Floating rate","2005Q1",51.6,48.9,39.34,54.71,43.49,55.74,53.13
"Floating rate","2005Q2",46.15,41.83,41.01,61.62,53.62,38.72,49.68
"Floating rate","2005Q3",54.45,53.78,43.15,39.83,33.21,61.44,78.44
"Floating rate","2005Q4",56.3,55.02,38.26,49.33,40.46,46.29,100
"Floating rate","2006Q1",39.55,44.94,43.02,43.27,37.97,39.54,34.09
"Floating rate","2006Q2",36.32,49.82,41.84,45.34,47.53,26.38,32.79
"Floating rate","2006Q3",47.57,64.15,59.42,39.18,43.09,34.79,52.06
"Floating rate","2006Q4",50.98,38.28,44.35,46.5,50.88,54.01,56.92
"Floating rate","2007Q1",35.61,30.65,34.75,44.91,43.56,31.99,35.59
"Floating rate","2007Q2",35.25,40.4,46.14,47.28,54.89,36.96,8.95
"Floating rate","2007Q3",43.49,38.87,34.51,35.75,24.18,42.32,59.18
"Floating rate","2007Q4",34.86,40.13,35.43,29.66,32.3,39.15,34.84
"Floating rate","2008Q1",42.74,27.45,28.83,35.7,31.03,52.69,45.62
"Floating rate","2008Q2",42.91,37.53,35.56,41.88,51.69,50.76,38.93
"Floating rate","2008Q3",56.07,40.83,39.2,46.9,30.84,64.94,89.59
"Floating rate","2008Q4",59.23,42.1,38.38,41.95,37.48,62.03,79.07
"Floating rate","2009Q1",44.73,48.68,48.66,33.93,33.56,36.82,52.67
"Floating rate","2009Q2",41.82,34.88,40.9,42,38.19,59.53,35.5
"Floating rate","2009Q3",38.3,53.11,48.77,40.26,42.57,32.68,28.26
"Floating rate","2009Q4",47.73,35.71,33.47,34.88,37.8,20.15,81.94
"Floating rate","2010Q1",49.42,36.36,38.05,48.68,43.38,29.9,65.01
"Floating rate","2010Q2",42.27,41.06,34.05,47.93,37.38,56.8,40.46
"Under commitment","1999Q4",36.98,54.61,54.46,22.73,38.51,27.23,36.59
"Under commitment","2000Q1",55.34,59.2,53.26,58.76,56.08,56.71,31.4
"Under commitment","2000Q2",42.11,42.21,45.28,32.84,43.72,44.77,48.63
"Under commitment","2000Q3",42.37,55.86,43.66,45.08,48.47,41.21,24.67
"Under commitment","2000Q4",42.11,42.21,45.28,32.84,43.72,44.77,48.63
"Under commitment","2001Q1",38.17,38.54,44.04,45.49,13.91,43.32,45.76
"Under commitment","2001Q2",54.83,54.31,51.89,49.54,58.6,69.97,43.74
"Under commitment","2001Q3",48.32,57.85,55.45,38.01,53.71,48.97,25.35
"Under commitment","2001Q4",61.11,48,47.85,42.61,31.18,55.82,100
"Under commitment","2002Q1",49.87,57.35,51.94,49.91,52.83,46.55,49.78
"Under commitment","2002Q2",52.24,66.71,58.53,59.65,41.14,38.21,61.58
"Under commitment","2002Q3",63.97,63.06,65.09,50.62,39.73,70.21,82.14
"Under commitment","2002Q4",57.45,57.61,47.46,55.47,42.52,52.62,68.15
"Under commitment","2003Q1",45.63,63.37,55.14,49.06,33.27,38.41,56.68
"Under commitment","2003Q2",47.2,65.69,51.75,57.3,54.96,28.27,49.06
"Under commitment","2003Q3",40.09,55.2,53.1,38.19,60.41,42.06,6.54
"Under commitment","2003Q4",44.64,54.03,49.95,59.01,35.88,58.49,23
"Under commitment","2004Q1",50.88,62.92,51.62,52.95,40.21,58.24,48.14
"Under commitment","2004Q2",54.73,62.78,54.51,58.25,50.55,43.45,65.96
"Under commitment","2004Q3",55.49,49.46,49.28,55.73,61.52,56.54,59.07
"Under commitment","2004Q4",48.33,60.63,45,39.78,43.42,49.07,51.3
"Under commitment","2005Q1",48.33,60.63,45,39.78,43.42,49.07,51.3
"Under commitment","2005Q2",61.13,52.11,60.12,43.52,58.99,67.95,70.33
"Under commitment","2005Q3",41.95,62.02,57.8,46.28,43.9,36.95,27.81
"Under commitment","2005Q4",52.7,54.63,54.58,49.04,43.06,46.12,69.53
"Under commitment","2006Q1",44.56,59.09,48.84,48.09,37.78,43.32,45.93
"Under commitment","2006Q2",58.06,68.88,43.63,51.12,53.03,44.64,71.57
"Under commitment","2006Q3",51.06,73.83,61.7,40.1,54.02,26.59,59.78
"Under commitment","2006Q4",62.04,60.99,52.76,54.05,50.8,60.27,82.05
"Under commitment","2007Q1",50.53,49.91,41.64,41.52,47.39,43.9,55.86
"Under commitment","2007Q2",59.92,59.9,49.94,45.3,51.98,56.6,78.66
"Under commitment","2007Q3",61.53,56.52,51.39,51.11,44.14,33.74,88.41
"Under commitment","2007Q4",54.81,63.08,65.87,50.98,38.36,31.88,66.54
"Under commitment","2008Q1",44.71,59.05,57.29,36.51,33.26,50.04,42.96
"Under commitment","2008Q2",52.83,58.33,56.92,55.15,52.34,40.98,56.4
"Under commitment","2008Q3",57.97,57.25,63.13,59.18,42.41,38.28,89.59
"Under commitment","2008Q4",64.44,62.08,54.37,55.36,49.36,57.88,80.22
"Under commitment","2009Q1",45.84,56.43,47.48,49.53,44.37,34.71,49.55
"Under commitment","2009Q2",52.56,59.08,48.9,36.84,54.21,49.46,58.77
"Under commitment","2009Q3",57.88,66.84,63.65,61.06,49.98,57.73,55.47
"Under commitment","2009Q4",57.2,57.29,68.1,52.02,45.45,22.01,81.94
"Under commitment","2010Q1",36.7,55.57,56.88,47.73,43.13,38.43,26.59
"Under commitment","2010Q2",54.82,60.05,51.04,51.54,47.88,40.27,64.61
"Callable","1999Q4",19.35,23.86,23.73,25.74,19.38,14.68,12.36
"Callable","2000Q1",27.75,23.95,21.09,29.78,16.43,37.31,30.14
"Callable","2000Q2",15.36,15.46,14.78,16.82,45.2,10.5,.
"Callable","2000Q3",28.69,24.65,29.93,25.41,28.47,42.71,20.34
"Callable","2000Q4",15.36,15.46,14.78,16.82,45.2,10.5,.
"Callable","2001Q1",17.54,21.59,27.62,25.65,19.09,16.73,.
"Callable","2001Q2",28.58,24.66,24.93,29.33,28.67,38.17,23.8
"Callable","2001Q3",16.39,20.13,12.03,19.03,19.67,11.63,25.35
"Callable","2001Q4",15.27,18.8,16.98,19.85,17.39,27.14,.
"Callable","2002Q1",27.4,25.38,21.66,23.84,37.24,36.42,6.88
"Callable","2002Q2",19.42,21.03,19.89,18.2,18.93,25.74,11.31
"Callable","2002Q3",19.03,16.54,23.65,11.74,18.16,32.8,11.57
"Callable","2002Q4",11.26,15.37,17.83,19.89,12.18,24.1,.
"Callable","2003Q1",28.7,21.07,31.82,29.18,18.16,34.31,30.11
"Callable","2003Q2",19.73,14.67,18.08,18.4,9.52,28.38,21
"Callable","2003Q3",15.21,19.07,21.08,20.06,23.68,14.64,.
"Callable","2003Q4",27.66,13.37,15.98,22.2,11.61,30.57,58.65
"Callable","2004Q1",28.97,27.85,29.18,17.85,29.06,28.09,33.1
"Callable","2004Q2",28.28,20.01,16.43,21.23,25.34,19.23,54.36
"Callable","2004Q3",21.26,17.13,12.83,17.68,9.83,41.28,22.16
"Callable","2004Q4",11.8,20.53,17.63,24.76,12.65,15.32,2.87
"Callable","2005Q1",11.8,20.53,17.63,24.76,12.65,15.32,2.87
"Callable","2005Q2",20.68,14.47,13.26,22.1,10.56,11.24,59.35
"Callable","2005Q3",13.73,8.34,15.35,8.67,12.3,4.05,24.02
"Callable","2005Q4",23.81,17.57,17.38,11.48,26.52,6.3,59.35
"Callable","2006Q1",18.65,25.38,25.86,20.91,20.87,14.6,15.98
"Callable","2006Q2",32.19,19.59,12.78,23.93,4.79,18.86,56.69
"Callable","2006Q3",13.8,21.65,16.76,8.67,20.39,14.25,11.73
"Callable","2006Q4",15.1,21.03,15.72,21.19,11.99,12.64,15.2
"Callable","2007Q1",32.23,16.75,29.38,14.57,12.94,11.48,46.84
"Callable","2007Q2",23.19,21.01,14.94,17.73,20.6,12.82,38.39
"Callable","2007Q3",24.47,19.73,20.26,31.86,25.6,33.53,19.65
"Callable","2007Q4",23.26,26.9,18.05,17.51,16.36,19.57,29.51
"Callable","2008Q1",29.68,9.76,6.74,22.79,16.46,12.93,45.52
"Callable","2008Q2",20.93,18.37,17.84,18.1,15.96,12.78,27.48
"Callable","2008Q3",17.86,25.03,19.78,18.11,31.57,2.99,22.17
"Callable","2008Q4",19.07,23.4,17.9,16.89,13.28,9.96,27.35
"Callable","2009Q1",19.7,18.57,21.83,19.97,25.51,14.42,19.97
"Callable","2009Q2",22.63,19.02,16.76,14.88,11.62,8.05,41.1
"Callable","2009Q3",21.87,23.24,26.02,30.68,30.01,26.34,.
"Callable","2009Q4",27.71,27.66,22.85,20.55,41.65,16.62,32.98
"Callable","2010Q1",22.24,18.23,17.4,22.84,28.98,14.28,25.23
"Callable","2010Q2",28.01,23.12,23.02,21.85,35.79,39.03,24.31
"Feeder livestock","1999Q4",20.18,6.7,8.71,22.79,24.63,21.97,28.62
"Feeder livestock","2000Q1",11.23,4.88,4.6,9.83,11.48,18.75,.
"Feeder livestock","2000Q2",13.62,9.03,9.74,17.35,19.9,27.77,.
"Feeder livestock","2000Q3",18.02,3.25,5.52,8.42,32.75,25.76,37.57
"Feeder livestock","2000Q4",13.62,9.03,9.74,17.35,19.9,27.77,.
"Feeder livestock","2001Q1",6.92,5.59,8.97,15.39,7.59,5.38,.
"Feeder livestock","2001Q2",5.82,3.91,8.42,6.47,15.78,3.7,.
"Feeder livestock","2001Q3",10.75,2.82,4.22,11.62,26.1,16.48,.
"Feeder livestock","2001Q4",12.93,8.97,16.85,17.82,19.8,20.87,.
"Feeder livestock","2002Q1",11.04,4.63,13.21,16.58,15.03,7.11,11.18
"Feeder livestock","2002Q2",8.48,3.25,11.04,2.9,6.38,10.28,11.62
"Feeder livestock","2002Q3",4.84,1.07,3.2,8.3,11.38,7.2,.
"Feeder livestock","2002Q4",16.11,8.19,13.98,22.07,22.9,13.08,14.64
"Feeder livestock","2003Q1",9.01,3.7,10.24,17.52,15.48,6.18,3.36
"Feeder livestock","2003Q2",7.4,3.49,10.9,6.04,23.56,3.26,.
"Feeder livestock","2003Q3",10.28,3.78,8.14,10.44,8.16,12.49,14.3
"Feeder livestock","2003Q4",17.54,3.91,7.02,19.71,21.14,46.24,5.44
"Feeder livestock","2004Q1",6.33,2.13,5.11,16.59,2.94,9.24,3.75
"Feeder livestock","2004Q2",5.15,2.5,4.5,6.4,6.26,9.63,.
"Feeder livestock","2004Q3",3.26,2.96,6.86,6.27,5.08,.,.
"Feeder livestock","2004Q4",8.38,6.18,8.59,11.29,16.03,7.64,5.48
"Feeder livestock","2005Q1",8.38,6.18,8.59,11.29,16.03,7.64,5.48
"Feeder livestock","2005Q2",7.84,4.7,5.05,10.08,11.15,11.96,.
"Feeder livestock","2005Q3",13.48,0.56,2.35,9.04,15.72,12.13,24.02
"Feeder livestock","2005Q4",26.95,6.38,13.43,24.13,29.74,47.67,17.49
"Feeder livestock","2006Q1",8.55,8.05,6.86,14.72,9.95,3.72,15.51
"Feeder livestock","2006Q2",7.65,6.32,5.69,10.61,5.09,1.72,11.58
"Feeder livestock","2006Q3",20.2,11.03,11.9,15.29,23.17,2.93,32.89
"Feeder livestock","2006Q4",26.85,8.51,16.22,14.15,21.42,36.6,39.58
"Feeder livestock","2007Q1",12.43,4.95,6.38,5.58,11.05,4.51,17.95
"Feeder livestock","2007Q2",7.51,3.65,5.42,5.82,5.36,20.8,3.69
"Feeder livestock","2007Q3",6.45,3.23,8.34,12.66,11.32,10.93,.
"Feeder livestock","2007Q4",21.54,10.15,4.67,3.54,7.56,28.64,33.75
"Feeder livestock","2008Q1",9.2,6.95,11.22,4.24,.,7.75,12.2
"Feeder livestock","2008Q2",4.64,4.62,1.08,9.18,3.92,8.71,2.85
"Feeder livestock","2008Q3",6.81,4.26,1.69,3.73,7.02,8.81,11.48
"Feeder livestock","2008Q4",24.38,2.82,9.3,15.31,7.56,10.82,48.56
"Feeder livestock","2009Q1",11.02,5.83,6.29,8.44,12.47,10.81,12.12
"Feeder livestock","2009Q2",8.07,1.62,14.4,8.61,8.1,11.98,4.58
"Feeder livestock","2009Q3",11.17,1.77,7.98,9.57,5.32,15.5,17.18
"Feeder livestock","2009Q4",16.56,12.4,17.69,12.86,19.09,20.47,14.92
"Feeder livestock","2010Q1",8.48,2.1,7.98,10.53,20.13,12.27,2.62
"Feeder livestock","2010Q2",8.91,5.98,7.78,8.11,7.09,3.39,12.63
"Other livestock","1999Q4",8.48,10.32,8.11,10.75,11.31,3.28,9.4
"Other livestock","2000Q1",7.19,7.99,8.8,15.88,3.74,5.76,.
"Other livestock","2000Q2",14.19,14.11,19.73,22.4,14.02,9.85,.
"Other livestock","2000Q3",9.39,9.88,11.34,8.07,5.4,7.5,12.33
"Other livestock","2000Q4",14.19,14.11,19.73,22.4,14.02,9.85,.
"Other livestock","2001Q1",12.23,15.1,14.84,7.1,21.12,7.25,11.22
"Other livestock","2001Q2",9.02,13.8,12.8,8.83,2.53,16.13,.
"Other livestock","2001Q3",7.49,12.13,6.86,16.7,9.57,.,.
"Other livestock","2001Q4",12.68,11.61,7.2,15.92,27.5,21.65,.
"Other livestock","2002Q1",6.63,14.84,14.36,8.57,9.83,4.19,.
"Other livestock","2002Q2",8.49,9.11,5.75,7.21,4.79,10.64,10.06
"Other livestock","2002Q3",5.82,7.94,6.49,12.04,13.51,.,.
"Other livestock","2002Q4",9.87,11.51,11.96,26.55,15.83,5.5,.
"Other livestock","2003Q1",4.61,11.04,7.12,7.14,3.93,5.4,.
"Other livestock","2003Q2",7.68,4.81,8.91,22.26,11.49,6.08,.
"Other livestock","2003Q3",6.48,4,9.48,5.74,17.64,3.56,.
"Other livestock","2003Q4",14.3,5.62,15.34,35.02,16.76,10.55,.
"Other livestock","2004Q1",8.62,8.93,10.9,6.39,9.57,20.49,.
"Other livestock","2004Q2",5.15,8.36,9.12,7.27,4.5,5.94,.
"Other livestock","2004Q3",14.35,7.94,12.05,15.27,14.89,14.22,19.28
"Other livestock","2004Q4",10,14.02,10.37,13.22,13.53,4.73,11.24
"Other livestock","2005Q1",10,14.02,10.37,13.22,13.53,4.73,11.24
"Other livestock","2005Q2",7.84,7.63,9.46,7.7,10.91,9.61,.
"Other livestock","2005Q3",4.75,3.03,9.46,8.29,10.54,.,.
"Other livestock","2005Q4",14.96,12.69,15.39,16.48,21.01,12.98,12.13
"Other livestock","2006Q1",9.68,10.04,6.47,9.94,15.56,10.62,.
"Other livestock","2006Q2",6.18,10.05,15.76,10.49,3.34,9.76,.
"Other livestock","2006Q3",22.81,5.09,6.61,12.66,9.98,26.99,33.73
"Other livestock","2006Q4",15.72,9.73,12.17,14.45,23.94,16.67,11.17
"Other livestock","2007Q1",4.84,8.99,19.67,5.3,8.03,7.58,1.32
"Other livestock","2007Q2",9.07,11.74,12.21,7.99,24.7,3.88,.
"Other livestock","2007Q3",6.45,8.23,4.98,7.76,12.93,14.93,.
"Other livestock","2007Q4",19.13,10.64,21.85,26.93,20.02,14.41,18.51
"Other livestock","2008Q1",7.71,14.46,7.99,8.59,7.55,16.32,3.62
"Other livestock","2008Q2",7.14,9.39,8.41,13.99,13.12,14.99,.
"Other livestock","2008Q3",21.66,5.86,8.23,6.25,14.53,12.73,66.35
"Other livestock","2008Q4",13.6,8.17,12.38,14.98,15.42,20.76,9.19
"Other livestock","2009Q1",3.38,13.03,9.81,12.35,9.19,.,.
"Other livestock","2009Q2",5.61,13.8,9.55,9.19,6.19,8.3,.
"Other livestock","2009Q3",6.54,4.6,8.67,7.52,7.71,9.91,.
"Other livestock","2009Q4",6.49,13.34,4.83,15.05,14.29,4.2,.
"Other livestock","2010Q1",4.02,11.15,24.38,5.29,.,6.07,.
"Other livestock","2010Q2",5.79,13.39,8.06,13.52,8.86,6.99,.
"Other current operating expenses","1999Q4",49.77,63.52,65.98,47.34,39.02,51.25,39.56
"Other current operating expenses","2000Q1",58.02,69.81,67.05,59.93,52.84,50.73,61.54
"Other current operating expenses","2000Q2",49.73,58.21,50.71,33.77,35.47,37.84,83.91
"Other current operating expenses","2000Q3",49.87,70.04,57.11,61.83,46.21,40.49,24.67
"Other current operating expenses","2000Q4",49.73,58.21,50.71,33.77,35.47,37.84,83.91
"Other current operating expenses","2001Q1",49.37,59.71,44.7,52.81,47.91,43.07,56.43
"Other current operating expenses","2001Q2",51.73,64.59,58.1,60.99,41.66,26.58,63.74
"Other current operating expenses","2001Q3",46.96,69.08,66.47,37.86,30.47,38.74,25.35
"Other current operating expenses","2001Q4",37.49,67.5,58.54,40.24,39.65,32.02,17.38
"Other current operating expenses","2002Q1",45.05,62.82,52.16,45.05,41.52,35.17,58.09
"Other current operating expenses","2002Q2",52.21,73.35,68.32,60.34,59.56,42.83,35.52
"Other current operating expenses","2002Q3",51.68,78.99,76.64,61.85,58.49,39.18,17.35
"Other current operating expenses","2002Q4",51.35,68.12,63.38,36.68,37.74,54.06,53.51
"Other current operating expenses","2003Q1",50.54,68.21,64.45,52.71,54.18,51.28,34.81
"Other current operating expenses","2003Q2",51.27,80.7,65.7,49.87,52.25,51.86,31.73
"Other current operating expenses","2003Q3",44.13,78.32,70.58,51.21,50.82,36.79,6.54
"Other current operating expenses","2003Q4",47.51,76.17,61.17,33.21,34.35,18.48,70.23
"Other current operating expenses","2004Q1",67.5,79.38,65.9,51.24,57.14,52.14,86.64
"Other current operating expenses","2004Q2",51.12,74.27,71.91,62.07,65.35,24.42,47.23
"Other current operating expenses","2004Q3",53.59,77.74,61.99,58,58.36,65.88,12.94
"Other current operating expenses","2004Q4",63.49,68.05,58.2,46.05,56.37,61.08,73.56
"Other current operating expenses","2005Q1",63.49,68.05,58.2,46.05,56.37,61.08,73.56
"Other current operating expenses","2005Q2",64.66,72.31,69.16,64.07,53.97,62.35,70.33
"Other current operating expenses","2005Q3",45.71,83.23,63.46,61.18,43.3,42.63,21.56
"Other current operating expenses","2005Q4",37.62,61.26,55.21,42.18,17.67,20.01,52.05
"Other current operating expenses","2006Q1",66.28,67.92,67.54,53.57,53.31,76.34,68.51
"Other current operating expenses","2006Q2",57.66,72.77,62.2,56.56,70.5,42.51,59.52
"Other current operating expenses","2006Q3",32.76,75.11,61.2,49.14,39.55,16.85,20.59
"Other current operating expenses","2006Q4",34.9,72.09,57.23,51.3,35.15,25.79,14.79
"Other current operating expenses","2007Q1",70.6,67.88,45.35,63.7,58.35,68.03,76.92
"Other current operating expenses","2007Q2",68.08,69.81,67.26,57.1,53.99,51.59,92.27
"Other current operating expenses","2007Q3",41.85,66.08,70.71,51.3,51.56,26.04,26.27
"Other current operating expenses","2007Q4",43.02,68.46,57.08,51.32,52.75,38,33.54
"Other current operating expenses","2008Q1",64.72,68.6,63.81,55.15,69.63,52.2,70.24
"Other current operating expenses","2008Q2",55.05,69.89,70.1,57.27,70.85,49.69,47.69
"Other current operating expenses","2008Q3",50.82,75.16,70.78,58.86,51.31,49.35,22.17
"Other current operating expenses","2008Q4",46.77,76.58,65.09,57.94,54.97,44.53,33.39
"Other current operating expenses","2009Q1",59.87,60.68,66.5,67.3,43.72,66.84,59.37
"Other current operating expenses","2009Q2",57.75,67.3,60.2,70.56,57.79,35.05,63.33
"Other current operating expenses","2009Q3",49.97,82.45,61.29,59.05,52.97,42.77,31.33
"Other current operating expenses","2009Q4",51.82,64.75,65.74,51.91,45.9,18.86,67.02
"Other current operating expenses","2010Q1",63.69,70.3,52.92,72.81,51.91,60.46,69.07
"Other current operating expenses","2010Q2",59.68,68.64,67.52,57.68,54.31,74.79,54.27
"Farm machinery and equipment","1999Q4",9.42,12.98,11.91,8.7,13.48,9.48,10.96
"Farm machinery and equipment","2000Q1",6.99,10.93,9.79,8.54,9.25,3.4,.
"Farm machinery and equipment","2000Q2",7.98,13.87,9.58,12.41,10.82,.,.
"Farm machinery and equipment","2000Q3",11.49,8.98,15.26,10.02,5.79,26.25,.
"Farm machinery and equipment","2000Q4",7.98,13.87,9.58,12.41,10.82,.,.
"Farm machinery and equipment","2001Q1",11.72,12.08,18.3,12.83,9.42,16.85,.
"Farm machinery and equipment","2001Q2",6,9.67,10.63,11.67,8.85,.,.
"Farm machinery and equipment","2001Q3",9.4,10.2,13.83,16.57,4.4,5.26,.
"Farm machinery and equipment","2001Q4",7.55,8.75,9.36,19.26,9.68,7.72,.
"Farm machinery and equipment","2002Q1",6.92,13.18,13.16,11.56,9.4,4.74,.
"Farm machinery and equipment","2002Q2",8.86,10.32,11.15,4.43,14.64,13.73,.
"Farm machinery and equipment","2002Q3",5.81,8.74,10.53,13.46,6.04,.,.
"Farm machinery and equipment","2002Q4",4.52,8.03,5.42,2.86,15.06,6.69,.
"Farm machinery and equipment","2003Q1",12.8,11.67,12.67,15.31,6.33,14.09,15.54
"Farm machinery and equipment","2003Q2",5.29,8.08,7.53,12.92,4.5,5.3,.
"Farm machinery and equipment","2003Q3",9.22,8.87,8.48,18.06,9.37,13.54,.
"Farm machinery and equipment","2003Q4",7.94,9,10.33,8.59,13.79,8.06,.
"Farm machinery and equipment","2004Q1",9.76,5.54,12.99,10.55,12.66,7.49,9.61
"Farm machinery and equipment","2004Q2",4.99,10.31,7.78,15.1,8.75,.,.
"Farm machinery and equipment","2004Q3",13.36,6.4,14.2,14.67,15.72,5.92,21.47
"Farm machinery and equipment","2004Q4",5.06,3.8,9.11,11.77,6.35,7.66,.
"Farm machinery and equipment","2005Q1",5.06,3.8,9.11,11.77,6.35,7.66,.
"Farm machinery and equipment","2005Q2",6.09,9.87,11.45,13.31,4.95,2.88,.
"Farm machinery and equipment","2005Q3",8.36,8.41,10.37,14,11.91,11.72,.
"Farm machinery and equipment","2005Q4",6.1,10.45,9.36,9.59,10.18,3.3,.
"Farm machinery and equipment","2006Q1",4.75,11.12,16.03,12.44,1.85,1.72,.
"Farm machinery and equipment","2006Q2",7.81,8.5,9.64,10.58,9.22,4.34,7.94
"Farm machinery and equipment","2006Q3",8.75,4.98,14.35,20.23,10.28,16.56,.
"Farm machinery and equipment","2006Q4",4.5,6.26,10.47,11.06,1.48,5.6,.
"Farm machinery and equipment","2007Q1",4.72,16.2,20.55,16.32,5.35,6.83,.
"Farm machinery and equipment","2007Q2",6.16,9.88,7.51,22.78,.,8.21,.
"Farm machinery and equipment","2007Q3",21.15,10.75,13.95,17.94,4.41,20.19,34.2
"Farm machinery and equipment","2007Q4",4.34,9.97,13.98,11.39,5.02,1.86,.
"Farm machinery and equipment","2008Q1",4.92,9.2,14.03,13.41,9.34,6.92,.
"Farm machinery and equipment","2008Q2",7.33,13.17,13.67,9.41,6.48,6.99,5.5
"Farm machinery and equipment","2008Q3",10.77,7.82,13.14,14.79,19.07,11.07,.
"Farm machinery and equipment","2008Q4",4.27,6.59,4.69,5.89,14.38,2.59,.
"Farm machinery and equipment","2009Q1",8.22,14.86,13.87,6.9,13.72,9.35,5.12
"Farm machinery and equipment","2009Q2",9.37,13.46,13.33,4.22,17.21,4.35,7.79
"Farm machinery and equipment","2009Q3",7.47,6.3,12.6,11.45,7.41,8.68,.
"Farm machinery and equipment","2009Q4",4.4,6.74,10.18,13.41,5.35,.,.
"Farm machinery and equipment","2010Q1",5.05,13.91,9.4,6.13,17.44,3.59,.
"Farm machinery and equipment","2010Q2",7.06,8.38,12.25,10.5,10.36,7.52,2.63
"Farm real estate","1999Q4",4.38,1.91,2.28,1.34,1.87,14.02,44.07
"Farm real estate","2000Q1",10.55,1.81,2.96,17.92,32.36,5.18,.
"Farm real estate","2000Q2",9.65,1.77,5.48,10.21,13.54,11.82,16.09
"Farm real estate","2000Q3",2.25,1.66,1.64,6.51,4.22,.,.
"Farm real estate","2000Q4",9.65,1.77,5.48,10.21,13.54,11.82,16.09
"Farm real estate","2001Q1",10.01,1.89,3.96,5.85,11.41,18.92,7.03
"Farm real estate","2001Q2",18.39,0.46,2.5,8.33,26.53,39.23,23.8
"Farm real estate","2001Q3",15.06,2.97,1.29,12.11,16.94,39.52,.
"Farm real estate","2001Q4",1.83,1.19,2.11,2.33,3.37,2.92,.
"Farm real estate","2002Q1",13.51,1.29,3.31,5.28,1.54,21.69,25.12
"Farm real estate","2002Q2",7.58,1.26,0.28,0.8,5.06,10.65,16.63
"Farm real estate","2002Q3",8.73,0.56,1.63,6.32,43.48,8.53,.
"Farm real estate","2002Q4",12.9,0.97,0.42,6.14,5.04,20.67,24.08
"Farm real estate","2003Q1",13,1.65,3.28,0.6,15.96,18.99,15.64
"Farm real estate","2003Q2",15.44,1.28,3.19,5.25,2.48,16.63,40.87
"Farm real estate","2003Q3",19.2,1.68,2.04,8.53,4.4,20.03,57.4
"Farm real estate","2003Q4",9.23,0.99,1.75,0.93,9.69,9.42,24.33
"Farm real estate","2004Q1",4.34,1.4,2.39,5.26,10.86,6.99,.
"Farm real estate","2004Q2",22.56,1.54,1.96,1.06,6.84,45.43,36.07
"Farm real estate","2004Q3",10.16,0.43,0.27,3.32,5.95,13.98,28.82
"Farm real estate","2004Q4",8.9,0.41,1.98,11.99,4.4,11.82,9.72
"Farm real estate","2005Q1",8.9,0.41,1.98,11.99,4.4,11.82,9.72
"Farm real estate","2005Q2",9.7,0.67,1.13,4.83,6.85,10.34,29.67
"Farm real estate","2005Q3",14.31,.,6.05,3.08,16.28,18.73,24.22
"Farm real estate","2005Q4",7.43,3.58,2.53,5.84,.,8.41,18.33
"Farm real estate","2006Q1",4.65,0.63,.,4.57,14.4,2.67,.
"Farm real estate","2006Q2",13.51,0.24,4.69,8.32,11.84,32.27,9.78
"Farm real estate","2006Q3",14.1,1.59,3.05,1.67,14.27,34,12.8
"Farm real estate","2006Q4",13.41,1.23,0.53,4.26,5.13,13.02,34.47
"Farm real estate","2007Q1",4.66,.,.,.,10.33,13.05,1.6
"Farm real estate","2007Q2",4.62,.,4.89,4.85,11.31,.,4.03
"Farm real estate","2007Q3",7.06,2.09,2.02,10.33,7.21,27.9,.
"Farm real estate","2007Q4",10.49,.,0.63,0.67,11.06,17.09,14.2
"Farm real estate","2008Q1",5.76,.,0.77,9.21,7.31,11.89,3.67
"Farm real estate","2008Q2",22.77,0.62,3.07,2.1,2.17,19.63,40.66
"Farm real estate","2008Q3",4.58,1.97,0.85,5.73,5.46,10.01,.
"Farm real estate","2008Q4",8.55,1.12,2.23,5.88,2.39,18.12,8.86
"Farm real estate","2009Q1",8.82,1.59,3.03,2.5,13.7,7.35,10.38
"Farm real estate","2009Q2",9.06,.,1.09,.,2.82,22.52,12.17
"Farm real estate","2009Q3",13.67,0.5,2.21,6.21,12.09,15.18,30.65
"Farm real estate","2009Q4",18.4,0.97,1.05,2.51,11.47,51.65,18.06
"Farm real estate","2010Q1",13.68,.,2.66,4.01,5.38,10.41,23.04
"Farm real estate","2010Q2",8.63,1.89,1.71,3.57,9.67,4.06,14.04
"Other","1999Q4",7.78,4.57,3.01,9.07,9.7,14.79,.
"Other","2000Q1",6.03,4.57,6.79,5.83,10.44,4.75,.
"Other","2000Q2",4.83,3,4.77,3.86,6.26,12.73,.
"Other","2000Q3",8.98,6.19,9.14,5.14,5.63,27.12,.
"Other","2000Q4",4.83,3,4.77,3.86,6.26,12.73,.
"Other","2001Q1",9.76,5.64,9.23,6.01,2.55,8.52,25.32
"Other","2001Q2",9.05,7.58,7.57,3.72,4.66,14.36,12.47
"Other","2001Q3",10.33,2.8,7.33,5.14,12.52,23.2,.
"Other","2001Q4",27.52,1.98,5.94,4.43,26.08,97.19,.
"Other","2002Q1",16.84,3.24,3.81,12.96,22.67,27.1,5.61
"Other","2002Q2",14.38,2.7,3.47,24.32,9.58,11.88,26.17
"Other","2002Q3",23.12,2.7,1.51,4.36,2.99,22.4,75.7
"Other","2002Q4",5.26,3.17,4.84,5.7,3.45,28.65,.
"Other","2003Q1",10.04,3.73,2.25,6.73,4.13,4.06,30.65
"Other","2003Q2",12.92,1.63,3.78,3.67,5.71,16.87,27.4
"Other","2003Q3",10.7,3.36,1.28,6.02,9.61,13.59,21.77
"Other","2003Q4",3.48,4.32,4.39,2.54,4.26,7.25,.
"Other","2004Q1",3.46,2.62,2.72,9.97,6.83,3.65,.
"Other","2004Q2",11.02,3.02,4.73,8.09,8.31,14.58,16.7
"Other","2004Q3",5.29,4.53,4.64,2.47,.,.,17.49
"Other","2004Q4",4.18,7.54,11.75,5.67,3.33,7.08,.
"Other","2005Q1",4.18,7.54,11.75,5.67,3.33,7.08,.
"Other","2005Q2",3.87,4.82,3.75,.,12.17,2.86,.
"Other","2005Q3",13.39,4.76,8.31,4.41,2.24,14.79,30.2
"Other","2005Q4",6.95,5.64,4.08,1.78,21.4,7.64,.
"Other","2006Q1",6.1,2.23,3.1,4.76,4.93,4.93,15.98
"Other","2006Q2",7.19,2.12,2.03,3.43,.,9.4,11.18
"Other","2006Q3",1.38,2.2,2.89,1,2.75,2.68,.
"Other","2006Q4",4.63,2.2,3.38,4.79,12.87,2.33,.
"Other","2007Q1",2.75,1.97,8.05,9.11,6.9,.,2.22
"Other","2007Q2",4.56,4.93,2.72,1.46,4.64,15.52,.
"Other","2007Q3",17.04,9.62,.,.,12.57,.,39.53
"Other","2007Q4",1.48,0.78,1.78,6.15,3.58,.,.
"Other","2008Q1",7.69,0.79,2.18,9.4,6.17,4.93,10.27
"Other","2008Q2",3.08,2.3,3.66,8.05,3.46,.,3.3
"Other","2008Q3",5.35,4.93,5.3,10.63,2.59,8.04,.
"Other","2008Q4",2.4,3.98,6.31,.,5.28,3.19,.
"Other","2009Q1",8.69,4.01,0.49,2.5,7.19,5.65,13
"Other","2009Q2",10.14,3.83,1.43,7.42,7.9,17.81,12.13
"Other","2009Q3",11.17,4.38,7.25,6.2,14.5,7.95,20.84
"Other","2009Q4",2.32,1.8,0.5,4.26,3.89,4.82,.
"Other","2010Q1",5.08,2.54,2.65,1.22,5.14,7.2,5.27
"Other","2010Q2",9.92,1.73,2.68,6.62,9.7,3.25,16.42
"Farm real estate","1999Q4",11.75,4.12,6.88,9.77,15.63,9.05,22.42
"Farm real estate","2000Q1",18.69,4.24,4.26,2.5,19.2,33.97,38.46
"Farm real estate","2000Q2",14.85,4.54,3.95,20.55,19.8,24.54,16.09
"Farm real estate","2000Q3",11.05,3.8,4.76,10.32,10.25,11.75,25.43
"Farm real estate","2000Q4",14.85,4.54,3.95,20.55,19.8,24.54,16.09
"Farm real estate","2001Q1",16.57,2.92,3.96,10.36,9.45,18.92,42.73
"Farm real estate","2001Q2",20.21,8,10.35,7.82,26.53,25.25,35.75
"Farm real estate","2001Q3",23.4,1.96,7.17,12.11,28.1,39.52,74.65
"Farm real estate","2001Q4",5.47,4.1,5.41,4.05,3.37,14.43,.
"Farm real estate","2002Q1",21.65,3.13,3.6,16,7.2,34.83,30.63
"Farm real estate","2002Q2",20.18,5.29,7.78,10.19,19.85,23.68,36.45
"Farm real estate","2002Q3",12.27,5.19,6.29,4.23,11.09,37.6,6.29
"Farm real estate","2002Q4",18.22,4.01,2.93,11.92,6.91,26.17,31.85
"Farm real estate","2003Q1",24.15,5.66,7.39,15.21,23.61,35,25.64
"Farm real estate","2003Q2",29.95,7.06,13.91,18.67,15.1,47.31,43.58
"Farm real estate","2003Q3",32.4,8.51,10.39,16.14,10.35,33.88,85.7
"Farm real estate","2003Q4",14.57,9.66,5.49,5.55,14.16,23.99,24.33
"Farm real estate","2004Q1",17.88,9.86,8.37,17.6,17.11,24.46,17.35
"Farm real estate","2004Q2",35.58,7.93,10.76,15.35,26.68,59.65,47.9
"Farm real estate","2004Q3",17.05,6.24,11.82,16.49,18.31,15.85,28.82
"Farm real estate","2004Q4",23.3,10.55,5.66,19.36,3.82,38.41,24.9
"Farm real estate","2005Q1",23.3,10.55,5.66,19.36,3.82,38.41,24.9
"Farm real estate","2005Q2",20.81,7.04,9.93,14.46,23.97,21.73,40.96
"Farm real estate","2005Q3",30.99,8.87,18.5,19.6,23.57,31.61,54.42
"Farm real estate","2005Q4",23.31,6.88,7.36,7.32,20.81,18.91,59.35
"Farm real estate","2006Q1",13.29,3.38,6.01,7.93,24.93,10.8,15.98
"Farm real estate","2006Q2",26.74,6.83,4.83,5.69,12.77,38.86,39.31
"Farm real estate","2006Q3",25.59,8.45,8.24,3.48,22.98,66.41,20.06
"Farm real estate","2006Q4",24.65,4.78,8.29,15.18,21.06,31.76,39.18
"Farm real estate","2007Q1",13.57,4.9,9.21,8.03,19.75,19.25,11.93
"Farm real estate","2007Q2",12.21,7.78,6.57,13.75,18.07,24.76,4.03
"Farm real estate","2007Q3",38.02,3.46,8.24,20.88,32.06,41.12,62.13
"Farm real estate","2007Q4",22.75,3.27,6.62,6.02,16.31,19.41,37.14
"Farm real estate","2008Q1",21.5,2.77,4.11,9.18,23.24,29.73,24.09
"Farm real estate","2008Q2",30.39,5.29,15.26,15.1,8.35,21.25,49.69
"Farm real estate","2008Q3",17.19,10.96,17.31,24.1,33.75,18.05,.
"Farm real estate","2008Q4",32.96,5.62,7.46,11.66,10.62,26.72,61.77
"Farm real estate","2009Q1",14.79,7.17,5.89,8.76,23.63,13.45,15.52
"Farm real estate","2009Q2",21.2,8.5,14,11.98,7.52,42.27,24.3
"Farm real estate","2009Q3",22.22,4.94,6.24,13.98,21.51,34.36,30.65
"Farm real estate","2009Q4",22.66,10.44,2.25,9.09,18.79,59.48,18.06
"Farm real estate","2010Q1",27.42,3.22,9.82,7.7,20.43,23.8,40.35
"Farm real estate","2010Q2",19.21,9.56,7.28,13.5,16.7,24.21,25.01
"Other","1999Q4",82.32,82.7,84.18,80.82,78.35,88.59,77.58
"Other","2000Q1",76.94,88.11,88.35,95.34,74.41,64.04,61.54
"Other","2000Q2",83.23,87.01,92.42,79.45,80.2,75.46,83.91
"Other","2000Q3",84.72,86.46,89.18,80.83,89.75,88.25,74.57
"Other","2000Q4",83.23,87.01,92.42,79.45,80.2,75.46,83.91
"Other","2001Q1",74.14,90.12,91.14,77.85,84.87,75.48,35.99
"Other","2001Q2",73.86,85.99,81.58,83.28,68.84,66.11,64.25
"Other","2001Q3",71.31,87.74,81.92,80.17,71.9,60.48,25.35
"Other","2001Q4",75.73,85.22,85.95,95.95,96.63,72.98,50.29
"Other","2002Q1",71.05,91.83,89.89,82.17,84.62,65.17,44.25
"Other","2002Q2",76.57,85.46,86.86,82.87,80.15,74.01,63.55
"Other","2002Q3",83.7,86.73,84.43,92.76,86.44,58.85,93.71
"Other","2002Q4",80.13,89.65,93.19,87.24,89.95,73.83,68.15
"Other","2003Q1",72.63,87.45,87.35,81.21,74.48,62.45,70.99
"Other","2003Q2",66.02,84.01,81.02,72.93,82.05,48.33,56.42
"Other","2003Q3",64.34,83.51,84.58,76.28,85.97,66.12,14.3
"Other","2003Q4",80.34,83.79,87.34,89.89,85.84,76.01,64.09
"Other","2004Q1",74.28,83.03,88.52,78.11,79.2,75.54,65.02
"Other","2004Q2",61.39,84.22,82.05,83.53,65.04,40.35,52.1
"Other","2004Q3",77.28,87.51,84.24,80.66,79.96,84.15,53.69
"Other","2004Q4",67.8,82.66,90.12,77.37,91.78,61.59,54.94
"Other","2005Q1",67.8,82.66,90.12,77.37,91.78,61.59,54.94
"Other","2005Q2",76.57,85.1,87.3,81.84,70.15,78.27,59.04
"Other","2005Q3",67.28,85.93,76.74,80.4,76.43,64.34,45.58
"Other","2005Q4",75.17,89.61,92.64,86.89,76.52,81.09,40.65
"Other","2006Q1",84.71,89.19,87.8,88.69,72.54,89.2,84.02
"Other","2006Q2",72.27,90.3,91.18,93.53,84.82,61.14,60.69
"Other","2006Q3",72.48,85.3,90.64,96.52,77.02,33.59,76.36
"Other","2006Q4",74.53,90.66,88.34,83.67,78.94,68.24,60.82
"Other","2007Q1",84.25,88.89,86.95,86.68,80.25,80.75,85.43
"Other","2007Q2",84.24,83.72,90.44,82.78,81.93,75.24,88.93
"Other","2007Q3",61.01,87.8,88.21,79.12,67.94,58.88,37.87
"Other","2007Q4",73.91,89.53,86.86,86.8,75.68,78.32,62.86
"Other","2008Q1",74.43,93.55,93.77,85.14,69.31,70.27,70.75
"Other","2008Q2",68.24,89.22,81.09,79.86,89.02,78.75,50.31
"Other","2008Q3",80.45,80.47,77.42,69.99,66.25,81.95,100
"Other","2008Q4",63.7,83.77,87.66,82.9,82.96,69.54,38.23
"Other","2009Q1",84.22,82.64,89.21,88.79,75.22,86.55,84.48
"Other","2009Q2",76.24,80.2,76.77,81.02,92.48,57.73,75.7
"Other","2009Q3",76.45,87.19,90.99,83.41,78.49,65.64,69.35
"Other","2009Q4",76.16,86.07,94.91,88.79,78.97,40.52,81.94
"Other","2010Q1",71.2,89.8,86.6,87.44,79.57,74.07,59.65
"Other","2010Q2",79.05,81.58,88.79,85.6,81.15,73.25,74.99
