"Period","Chicago - Demand for loans - Lower","Chicago - Demand for loans - Same","Chicago - Demand for loans - Higher","Chicago - Funds availability - Lower","Chicago - Funds availability - Same","Chicago - Funds availability - Higher","Chicago - Loan repayment rate - Lower","Chicago - Loan repayment rate - Same","Chicago - Loan repayment rate - Higher","Chicago - Renewals or extensions - Lower","Chicago - Renewals or extensions - Same","Chicago - Renewals or extensions - Higher","Chicago - Collateral required - Lower","Chicago - Collateral required - Same","Chicago - Collateral required - Higher","Kansas City - Demand for loans - Lower","Kansas City - Demand for loans - Same","Kansas City - Demand for loans - Higher","Kansas City - Funds availability - Lower","Kansas City - Funds availability - Same","Kansas City - Funds availability - Higher","Kansas City - Loan repayment rate - Lower","Kansas City - Loan repayment rate - Same","Kansas City - Loan repayment rate - Higher","Kansas City - Renewals or extensions - Lower","Kansas City - Renewals or extensions - Same","Kansas City - Renewals or extensions - Higher","Kansas City - Collateral required - Lower","Kansas City - Collateral required - Same","Kansas City - Collateral required - Higher","Dallas - Demand for loans - Lower","Dallas - Demand for loans - Same","Dallas - Demand for loans - Higher","Dallas - Funds availability - Lower","Dallas - Funds availability - Same","Dallas - Funds availability - Higher","Dallas - Loan repayment rate - Lower","Dallas - Loan repayment rate - Same","Dallas - Loan repayment rate - Higher","Dallas - Renewals or extensions - Lower","Dallas - Renewals or extensions - Same","Dallas - Renewals or extensions - Higher","Dallas - Collateral required - Lower","Dallas - Collateral required - Same","Dallas - Collateral required - Higher","Minneapolis - Funds availability - Lower","Minneapolis - Funds availability - Same","Minneapolis - Funds availability - Higher","Minneapolis - Loan repayment rate - Lower","Minneapolis - Loan repayment rate - Same","Minneapolis - Loan repayment rate - Higher","Minneapolis - Renewals or extensions - Lower","Minneapolis - Renewals or extensions - Same","Minneapolis - Renewals or extensions - Higher","Minneapolis - Collateral required - Lower","Minneapolis - Collateral required - Same","Minneapolis - Collateral required - Higher","Richmond - Demand for loans - Lower","Richmond - Demand for loans - Same","Richmond - Demand for loans - Higher","Richmond - Funds availability - Lower","Richmond - Funds availability - Same","Richmond - Funds availability - Higher","Richmond - Loan repayment rate - Lower","Richmond - Loan repayment rate - Same","Richmond - Loan repayment rate - Higher","Richmond - Renewals or extensions - Lower","Richmond - Renewals or extensions - Same","Richmond - Renewals or extensions - Higher","Richmond - Collateral required - Lower","Richmond - Collateral required - Same","Richmond - Collateral required - Higher","San Francisco - Funds availability - Lower","San Francisco - Funds availability - Same","San Francisco - Funds availability - Higher","San Francisco - Loan repayment rate - Lower","San Francisco - Loan repayment rate - Same","San Francisco - Loan repayment rate - Higher","San Francisco - Renewals or extensions - Lower","San Francisco - Renewals or extensions - Same","San Francisco - Renewals or extensions - Higher","San Francisco - Collateral required - Lower","San Francisco - Collateral required - Same","San Francisco - Collateral required - Higher"
"1991Q1",14,44,42,8,56,36,19,65,16,15,64,21,1,78,22,13.78,56.01,30.21,7.02,64.33,28.65,12.57,77.19,10.23,8.77,79.24,11.99,0,77.35,22.65,23.18,43.98,32.84,4.99,59,36.01,24.62,61.16,14.22,12.69,63.73,23.58,0.38,57.31,42.32,.,.,.,.,.,.,.,.,.,.,.,.,.,.,.,.,.,.,.,.,.,.,.,.,.,.,.,.,.,.,.,.,.,.,.,.,.,.,.
"1991Q2",13,45,43,8,63,29,29,67,3,8,63,29,1,80,20,17.7,53.98,28.32,6.76,64.71,28.53,13.53,77.06,9.41,7.06,80.88,12.06,0.29,80.59,19.12,22.59,54.7,22.71,4.69,58.62,36.69,17.72,68.74,13.54,11.13,71.64,17.23,0,59.79,40.21,.,.,.,.,.,.,.,.,.,.,.,.,.,.,.,.,.,.,.,.,.,.,.,.,.,.,.,.,.,.,.,.,.,.,.,.,.,.,.
"1991Q3",21,46,33,10,59,31,26,66,8,9,65,26,1,76,23,20.06,56.45,23.5,8.6,62.75,28.65,20.92,70.77,8.31,8.6,75.07,16.33,0.86,81.09,18.05,24.18,48.94,26.88,7.35,59.07,33.57,9.96,76.62,13.43,17.4,72.45,10.15,0,65.95,34.05,.,.,.,.,.,.,.,.,.,.,.,.,.,.,.,.,.,.,.,.,.,.,.,.,.,.,.,.,.,.,.,.,.,.,.,.,.,.,.
"1991Q4",23,45,32,5,59,36,40,52,9,7,52,41,1,79,21,19.54,57.76,22.7,6.59,63.9,29.51,30.66,61.32,8.02,5.44,68.19,26.36,0.57,75.64,23.78,21.66,52.59,25.75,6.26,55.92,37.83,29.84,56.2,13.96,12.58,58.78,28.64,0,60.76,39.24,.,.,.,.,.,.,.,.,.,.,.,.,.,.,.,.,.,.,.,.,.,.,.,.,.,.,.,.,.,.,.,.,.,.,.,.,.,.,.
"1992Q1",15,42,44,6,59,34,34,55,11,10,53,37,1,73,26,15.63,53.39,30.97,10.03,57.82,32.15,29.88,61.83,8.28,10.03,63.13,26.84,1.19,75.89,22.92,18.2,49.06,32.75,5.22,59,35.78,29.28,57.5,13.22,12.68,56.2,31.11,0.35,64.47,35.17,.,.,.,.,.,.,.,.,.,.,.,.,.,.,.,.,.,.,.,.,.,.,.,.,.,.,.,.,.,.,.,.,.,.,.,.,.,.,.
"1992Q2",15,47,38,8,62,31,27,67,6,10,60,30,1,77,22,21.56,47.6,30.84,15.02,56.76,28.23,21.92,71.77,6.31,8.46,72.21,19.34,1.21,77.95,20.85,18.72,57.13,24.15,6.82,61.75,31.42,18.34,66.72,14.94,14.27,65.38,20.36,0.47,65.21,34.32,.,.,.,.,19,.,.,.,.,.,.,.,33.3,54.2,12.5,0,58.3,41.7,16.7,79.2,4.2,20.8,66.7,12.5,4.3,69.6,26.1,.,.,.,.,.,.,.,.,.,.,.,.
"1992Q3",20,50,30,9,59,32,19,73,8,9,69,22,0,80,19,21.1,50.76,28.13,15.85,54.27,29.88,19.57,70.34,10.09,15.95,69.02,15.03,3.96,76.52,19.51,24.36,53.47,22.17,5.28,65.59,29.12,13.92,67.24,18.84,14.38,70.39,15.23,0.26,72.68,27.06,.,.,.,.,30,.,.,.,.,.,.,.,.,.,.,.,.,.,.,.,.,.,.,.,.,.,.,.,.,.,.,.,.,.,.,.,.,.,.
"1992Q4",20,52,28,7,60,33,30,47,23,21,52,26,1,83,16,16.41,55.11,28.48,9.6,60.06,30.34,12.77,68.54,18.69,16.25,71.56,12.19,1.24,82.3,16.46,26.2,54.51,19.29,5.05,55.81,39.14,16.23,62.02,21.26,21.66,61.69,16.64,1.46,74.73,23.81,.,.,.,.,30,.,.,.,.,.,.,.,17.4,65.2,17.4,0,66.7,33.3,25,70.8,4.2,8.7,56.5,34.8,0,70.8,29.2,.,.,.,.,.,.,.,.,.,.,.,.
"1993Q1",23,46,31,8,53,39,20,58,22,20,58,22,1,82,16,18.43,56.19,25.38,8.16,63.75,28.1,10.27,74.32,15.41,14.24,75.15,10.61,0.3,86.4,13.29,19.74,58.38,21.88,1.52,61.63,36.85,8.52,69.6,21.87,23.57,67.54,8.89,0.59,75.47,23.94,.,.,.,.,33,.,.,.,.,.,.,.,8.3,83.3,24,0,66.7,33.3,17.4,78.3,4.3,4.2,75,20.8,4.8,76.2,19,.,.,.,.,.,.,.,.,.,.,.,.
"1993Q2",24,49,27,5,61,34,18,68,13,13,65,22,0,85,15,14.24,57.89,27.86,11.15,62.23,26.63,7.43,82.04,10.53,10.53,82.04,7.43,0.62,87.93,11.46,20.4,58.05,21.54,3.79,58.57,37.64,6.21,75.36,18.43,16.08,77.76,6.16,0,85.41,14.59,.,.,.,.,20,.,.,.,.,.,.,.,8.7,82.6,8.7,0,69.6,30.4,4.5,91,4.5,18.2,77.3,4.5,0,87,13,.,.,.,.,.,.,.,.,.,.,.,.
"1993Q3",20,50,30,10,59,31,21,67,11,13,64,23,1,84,15,16.46,57.14,26.4,16.77,61.49,21.74,12.11,80.12,7.76,6.83,81.37,11.8,0,89.44,10.56,17.52,54.21,28.27,3.52,65.04,31.44,9.9,77.44,12.66,13.86,75.56,10.58,0.98,82.03,16.99,.,.,.,.,44,.,.,.,.,.,.,.,23,73,5,0,73,27,14,86,0,5,86,10,0,86,14,.,.,.,.,.,.,.,.,.,.,.,.
"1993Q4",15,44,40,6,62,32,29,46,25,21,49,30,1,87,12,14.2,55.52,30.28,11.99,68.14,19.87,19.56,70.66,9.78,10.09,73.5,16.4,0.95,90.51,8.54,7.84,62.43,29.74,3.41,69.85,26.74,11.85,69.75,18.4,23.59,62.8,13.6,0.41,85.63,13.96,.,.,.,.,49,.,.,.,.,.,.,.,30,57,13,0,74,26,30,65,4,5,64,32,0,70,30,.,.,.,.,.,.,.,.,.,.,.,.
"1994Q1",12,41,47,9,61,30,28,50,22,18,50,32,0,86,14,8.67,59.13,32.2,9.6,72.14,18.27,15.79,76.47,7.74,6.5,78.02,15.48,1.24,89.16,9.6,11.46,62.4,26.14,2.78,78.11,19.11,8.5,78.16,13.34,16.94,75.64,7.42,0.95,85.98,13.08,11,61,28,.,30,.,.,.,.,1,83,16,4,72,24,4,64,32,20,64,4,0,76,24,0,88,13,.,.,.,.,.,.,.,.,.,.,.,.
"1994Q2",10,41,49,13,67,20,20,69,11,10,65,25,0,89,11,10,52.81,37.19,19.31,67.29,13.4,16.2,78.19,5.61,4.67,83.8,11.53,0.31,91.88,7.81,21.91,56.04,21.03,3.03,79.02,17.95,14.22,74.65,11.13,11.73,77.23,10.7,1.03,90.98,7.99,16,64,19,.,25,.,.,.,.,1,86,13,5,76,19,0,67,33,10,90,0,0,86,14,0,80,20,.,.,.,.,.,.,.,.,.,.,.,.
"1994Q3",13,42,45,22,60,18,20,66,14,13,68,19,1,88,11,9.55,49.36,41.08,28.34,62.42,9.24,17.89,73.8,8.31,8.28,77.07,14.65,0.32,90.45,9.24,15.74,49.4,34.86,9.53,72.14,18.32,12.57,75.56,11.87,9.7,74.71,15.59,2.47,87.73,9.8,29,54,17,.,28,.,.,.,.,0,93,7,13,79,8,0,75,25,4,88,8,17,79,4,0,83,17,.,.,.,.,.,.,.,.,.,.,.,.
"1994Q4",21,46,33,18,63,19,18,53,29,24,60,17,1,90,9,9.12,55.66,35.22,26.42,64.78,8.81,25.16,65.09,9.75,9.75,68.87,21.38,0.31,88.68,11.01,12.99,53.6,33.4,6.99,71.14,21.87,16.13,72.33,11.54,12.69,67.79,19.51,0.47,88.18,11.34,17,66,17,.,36,.,.,.,.,0,86,14,19,71,10,0,76,24,10,81,10,14,76,10,0,76,24,.,.,.,.,.,.,.,.,.,.,.,.
"1995Q1",15,49,37,20,64,16,19,64,17,17,63,20,1,87,12,9.65,51.13,39.23,20.9,69.13,9.97,28.3,66.88,4.82,5.79,69.45,24.76,0.32,86.77,12.9,13.05,52.58,34.37,7.53,78.44,14.02,20.49,72.04,7.47,11.18,67.14,21.68,1.18,83.11,15.71,21,66,13,.,43,.,.,.,.,0,81,19,20,68,12,16,72,12,12,84,4,12,84,4,4,80,16,.,.,.,.,.,.,.,.,.,.,.,.
"1995Q2",13,50,37,14,67,18,16,76,9,13,71,16,0,89,10,10.51,57.97,31.53,17.63,68.81,13.56,32.2,66.78,1.02,2.37,70.17,27.46,0,87.76,12.24,12.07,49.72,38.21,7.94,78.56,13.5,20.68,74.16,5.16,8.85,69.68,21.48,0,80.7,19.3,20,62,18,.,45,.,.,.,.,1,74,25,20,76,4,12,72,16,12,88,0,4,88,8,4,84,12,.,.,.,.,.,.,.,.,.,.,.,.
"1995Q3",13,52,36,16,65,19,13,76,11,13,72,16,1,90,9,15.81,52.58,31.62,19.59,66.67,13.75,32.3,62.54,5.15,5.15,67.01,27.84,0.34,86.3,13.36,16.92,49.7,33.39,10.23,76.06,13.71,27.57,63.33,8.72,11.91,64.22,23.55,1.71,78.47,19.82,21,60,20,.,35,.,.,.,.,1,84,15,32,64,5,9,64,27,9,82,9,14,68,18,0,91,9,.,.,.,.,.,.,.,.,.,.,.,.
"1995Q4",20,48,32,6,65,29,15,53,32,29,57,14,1,90,9,15.97,55.9,28.13,14.29,65.51,20.21,42.71,53.13,4.17,4.86,54.51,40.63,1.05,83.92,15.03,20.04,44.48,35.48,8.52,77.84,13.64,40.39,52.83,6.78,7.54,53.84,38.62,0.96,74.77,24.27,11,62,27,.,36,.,.,.,.,0,84,16,24,62,14,0,76,24,29,67,5,5,67,29,0,90,10,.,.,.,.,.,.,.,.,.,.,.,.
"1996Q1",15,44,41,6,62,31,13,57,30,29,56,15,0,91,9,17.92,56.36,25.72,9.51,69.16,21.33,50.72,45.53,3.75,5.48,49.28,45.24,1.45,78.61,19.94,18.15,50.59,31.26,4.99,73.23,21.79,49.28,44.57,6.14,7.2,41.12,51.68,0.37,66.01,33.63,11,57,32,.,46,.,.,.,.,4,76,20,14,71,14,0,81,19,14,81,5,5,75,20,0,90,10,.,.,.,.,.,.,.,.,.,.,.,.
"1996Q2",17,49,34,11,65,24,13,66,21,23,62,16,1,89,10,15.38,54.42,30.2,15.95,65.53,18.52,38.07,57.95,3.98,5.97,56.82,37.22,0.57,77.84,21.59,26.26,42.08,31.66,6.9,76.88,16.23,58.64,38.88,2.48,2.07,37.62,60.31,0,60.64,39.36,12,65,23,.,37,.,.,.,.,1,75,24,12,71,17,3,71,26,17,78,5,3,76,21,0,83,17,.,.,.,.,.,.,.,.,.,.,.,.
"1996Q3",17,45,38,11,65,24,7,74,19,23,69,8,1,92,7,14.29,60,25.71,16.29,67.43,16.29,22,65.14,12.86,10.57,66.86,22.57,0,84.29,15.71,23.68,44.32,32,8.38,75.29,16.33,44.27,46.79,8.94,7.76,47.91,44.33,0.8,65.16,34.04,18,61,21,.,19,.,.,.,.,1,81,18,12,77,12,12,67,22,17,72,12,13,68,18,0,85,15,.,.,.,.,.,.,.,.,.,.,.,.
"1996Q4",14,50,36,9,71,19,24,58,18,19,61,21,0,90,10,10.63,63.79,25.57,11.78,70.98,17.24,14.66,65.8,19.54,13.79,69.83,16.38,0.57,86.78,12.64,21.25,50.34,28.41,6.78,74.45,18.77,30.92,52.54,16.54,9.79,50.67,39.54,0,73.19,26.81,13,67,20,.,34,.,.,.,.,0,85,15,10,76,14,3,85,12,5,78,17,32,56,12,2,93,5,.,.,.,.,.,.,.,.,.,.,.,.
"1997Q1",10,46,44,14,62,24,15,66,19,14,69,17,0,92,8,7.85,63.95,28.2,9.3,71.8,18.9,10.17,69.19,20.64,16.28,73.55,10.17,0.29,87.5,12.21,17.41,54.52,28.07,3.59,75.66,20.75,28.63,55.66,15.72,14,58.93,27.07,0.34,74.02,25.64,10,67,23,.,46,.,.,.,.,0,75,25,9,77,15,4,77,19,0,88,13,13,81,6,0,94,6,.,.,.,.,.,.,.,.,.,.,.,.
"1997Q2",8,50,42,17,68,14,17,72,11,13,69,18,1,89,10,8.72,57.27,34.01,19.24,66.76,13.99,10.17,75.87,13.95,13.37,77.62,9.01,0.87,88.66,10.47,17.67,53.7,28.63,4.37,69.08,26.56,12.68,71.24,16.08,16.41,66.37,17.22,1.25,79.16,19.59,23,57,20,.,33,.,.,.,.,0,80,20,11,77,11,9,68,23,2,93,5,16,80,5,2,91,7,.,.,.,.,.,.,.,.,.,.,.,.
"1997Q3",11,47,42,17,69,14,15,77,8,10,77,13,0,92,8,6.23,60.83,32.94,20.77,67.06,12.17,7.12,75.37,17.51,14.54,78.93,6.53,1.19,90.77,8.04,15.09,56.51,28.4,3.22,79.71,17.07,15.76,67.48,16.76,14.16,71.17,14.66,0,88.06,11.94,23,65,12,.,31,.,.,.,.,1,81,18,15,73,12,2,76,22,7,88,5,10,85,5,0,83,17,.,.,.,.,.,.,.,.,.,.,.,.
"1997Q4",14,52,34,11,69,20,19,68,14,14,72,14,1,90,9,6.31,59.94,33.75,15.51,71.52,12.97,12.62,75.71,11.67,9.15,78.55,12.3,0.32,92.09,7.59,15.9,57.92,26.18,2.75,73.67,23.59,20.64,60.39,18.98,15.23,63.71,21.07,0,82.43,17.57,15,58,27,.,24,.,.,.,.,0,82,18,13,70,18,5,60,35,18,78,5,13,70,18,0,85,15,.,.,.,.,.,.,.,.,.,.,.,.
"1998Q1",8,49,42,12,64,24,27,64,9,8,64,29,1,89,11,5.41,69.43,25.16,12.1,67.83,20.06,15.34,76.04,8.63,6.05,79.3,14.65,0,90.71,9.29,13.54,62.22,24.24,2.67,76.34,20.98,16,70.95,13.05,13.7,68.96,16.31,1.72,85.63,12.65,13,59,28,.,35,.,.,.,.,0,77,23,8,73,20,0,73,28,10,88,3,8,80,13,3,85,13,.,.,.,.,.,.,.,.,.,.,.,.
"1998Q2",15,44,42,13,71,16,31,65,4,3,64,33,1,86,14,6.96,62.66,30.38,15.51,69.3,15.19,25.32,71.52,3.16,4.11,74.05,21.84,.,.,.,23.87,48.89,27.24,4.07,70.11,25.82,28.71,63.74,7.56,9.35,64.48,26.17,0,82.28,17.72,15,66,19,.,44,.,.,.,.,2,70,28,13,73,13,6,71,23,16,77,6,6,74,19,0,81,19,.,.,.,.,.,.,.,.,.,.,.,.
"1998Q3",19,46,35,10,75,14,43,53,3,3,56,41,1,80,19,14.24,59.49,26.27,15.82,68.99,15.19,43.67,54.75,1.58,1.9,59.81,38.29,0.98,79.34,19.67,27.97,49.69,22.34,4.88,71.43,23.68,52.48,44.91,2.61,2.92,51.04,46.04,0.86,72.74,26.4,27,56,17,.,52,.,.,.,.,0,73,27,29,64,7,0,75,25,21,71,7,7,75,18,0,71,29,.,.,.,.,.,.,.,.,.,.,.,.
"1998Q4",20,47,34,6,66,28,51,42,7,7,45,48,0,75,25,13.1,66.45,20.45,9.24,73.25,17.52,46.82,51.27,1.91,2.87,56.37,40.76,0.96,79.81,19.23,16.66,53.79,29.55,1.58,76.53,21.9,51.63,41.76,6.62,3.46,44.27,52.28,0.48,68.54,30.98,12.24,63.27,24.49,.,45.45,.,.,.,.,0,75,25,19,68,13,3,65,32,35,55,10,10,55,35,0,71,29,.,.,.,.,.,.,.,.,.,.,.,.
"1999Q1",19,42,39,8,65,27,63,35,2,4,39,57,0,69,31,14.87,65.51,19.62,9.18,68.35,22.47,45.57,53.16,1.27,2.55,52.23,45.22,1.92,79.49,18.59,26.62,48.74,24.64,5.17,72.39,22.44,48.23,48.16,3.62,4.47,43.27,52.26,0.45,65.7,33.85,8.25,71.13,20.62,.,55.67,.,.,.,.,0,73.96,26.04,41,59,0,3,69,28,24,76,0,7,72,21,0,68,32,.,.,.,.,.,.,.,.,.,.,.,.
"1999Q2",21,44,36,10,72,18,52,45,3,3,44,53,0,70,30,13.74,65.81,20.45,9.9,73.16,16.93,31.09,66.35,2.56,3.22,66.56,30.23,0.96,86.26,12.78,21.92,63.41,14.67,2.31,73.61,24.08,24.86,63.28,11.86,7.65,60.99,31.37,0,73.59,26.41,11.34,63.92,24.74,.,52.04,.,.,.,.,0,68.04,31.96,19,81,0,4,67,30,4,93,4,4,89,7,0,81,19,.,.,.,.,.,.,.,.,.,.,.,.
"1999Q3",22,46,32,17,71,12,41,55,4,3,53,44,0,74,26,18.41,59.68,21.9,21.84,66.14,12.03,29.21,67.62,3.17,2.53,69.3,28.16,0.64,86.26,13.1,28.6,52.42,18.98,4.78,80.15,15.07,27.39,61.86,10.76,9.64,63.57,26.8,0.51,72.88,26.61,13.83,71.28,14.89,.,58.95,.,.,.,.,0,65.59,33.33,26,63,11,11,66,23,26,71,3,3,71,26,0,77,23,.,.,.,.,.,.,.,.,.,.,.,.
"1999Q4",22,50,28,12,71,17,39,51,10,7,54,39,0,75,25,16.67,66.67,16.67,16.01,68.63,15.36,23.86,66.34,9.8,7.52,70.26,22.22,0.98,83.66,15.36,26.82,54.76,18.42,4.15,74.96,20.9,24.26,51.83,23.91,22.03,52.12,25.86,0,75.37,24.63,9.78,67.39,22.83,.,25.81,.,.,.,.,0,80.43,19.57,25,61,14,19,69,11,31,67,3,8,58,33,0,69,31,.,.,.,.,.,.,.,.,.,.,.,.
"2000Q1",14,52,34,20,66,14,33,57,10,8,57,34,0,78,22,12.38,68.73,18.89,19.87,65.47,14.66,16.39,75.41,8.2,8.55,75.33,16.12,0.33,86.93,12.75,20.32,58.87,20.8,7.06,72.86,20.08,15.24,66.73,18.04,18.61,63.82,17.57,0.74,75.38,23.88,8.43,68.67,22.89,.,23.81,.,.,.,.,0,81.93,18.07,30,57,14,16,76,8,27,70,3,14,57,30,0,73,27,.,.,.,.,.,.,.,.,.,.,.,.
"2000Q2",23,45,32,35,54,11,31,66,3,5,60,35,0,79,21,10.84,66.43,22.73,30.07,61.89,8.04,19.37,75,5.63,5.96,79.65,14.39,1.4,83.57,15.03,18.38,62.59,19.03,14.27,71.5,14.23,12.11,70.95,16.95,13.31,73.35,13.34,1.86,79.47,18.67,26.61,60.55,12.84,.,18.35,.,.,.,.,0.93,75.93,23.15,22,68,11,19,69,11,22,73,5,0,78,22,0,78,22,.,.,.,.,.,.,.,.,.,.,.,.
"2000Q3",19,56,25,28,61,10,26,70,3,4,69,27,0,80,20,16.49,63.57,19.93,25.09,65.29,9.62,20.27,75.95,3.78,4.48,78.97,16.55,0.69,86.25,13.06,22.79,51.26,25.95,16.54,70.77,12.69,21.99,64.75,13.26,12.2,63.76,24.04,1.11,81.82,17.07,38.78,56.12,5.1,.,19.59,.,.,.,.,0,82.11,16.84,34,60,6,9,80,11,6,83,11,11,80,9,0,74,26,.,.,.,.,.,.,.,.,.,.,.,.
"2000Q4",20,54,26,21,66,13,27,65,8,7,68,25,1,78,21,16.49,61.05,22.46,20.85,67.84,11.31,25,67.61,7.39,3.93,72.5,23.57,0.35,84.81,14.84,20.43,49.57,30,14.44,71.38,14.18,26.36,63.88,9.76,12.69,59.21,28.1,2.07,73.55,24.38,16.33,68.37,15.31,.,9.09,.,.,.,.,1.05,87.37,11.58,21,75,4,4,92,4,13,79,8,9,87,4,0,67,33,.,.,.,.,.,.,.,.,.,.,.,.
"2001Q1",17,48,35,18,64,18,37,58,5,4,61,35,0,74,26,12.36,62.55,25.09,11.64,71.27,17.09,25.45,70.91,3.64,3.66,70.33,26.01,0,82.12,17.88,17.16,53.88,28.96,8.42,74.32,17.25,31.05,59.94,9.01,7.04,61.08,31.89,1.16,71.97,26.87,9.52,69.05,21.43,24.71,57.65,17.65,5.95,76.19,17.86,0,81.93,18.07,19,58,23,0,85,15,15,81,4,0,92,8,0,62,38,.,.,.,.,.,.,.,.,.,.,.,.
"2001Q2",23,48,29,13,65,22,31,65,4,4,60,36,0,77,23,13.64,61.74,24.62,17.49,65.4,17.11,25.76,72.35,1.89,2.29,75.57,22.14,0.76,80.99,18.25,22.07,55.17,22.76,9.52,69.26,21.22,26.54,66.1,7.36,7.49,61.71,30.81,0.37,72.83,26.8,13.64,62.12,24.24,15.38,72.31,12.31,6.15,70.77,23.08,1.52,81.82,16.67,24,70,6,3,76,21,15,85,0,6,82,12,0,74,26,.,.,.,.,.,.,.,.,.,.,.,.
"2001Q3",28,54,18,8,57,35,21,72,7,8,70,22,1,77,22,19.49,62.5,18.01,11.07,61.25,27.68,20.96,75.74,3.31,3.68,77.57,18.75,0,82.96,17.04,26.81,55.45,17.74,9.85,68.38,21.78,17.6,76.99,5.42,8.31,74.59,17.1,0.43,76.68,22.89,12.5,57.81,29.69,14.52,77.42,8.06,12.9,75.81,11.29,0,82.26,17.74,40,56,4,0,56,44,4,92,4,8,84,8,4,71,25,.,.,.,.,.,.,.,.,.,.,.,.
"2001Q4",23,52,24,6,60,34,33,59,8,7,59,34,0,76,24,20.87,60.63,18.5,9.13,63.49,27.38,24.41,69.69,5.91,5.93,72.73,21.34,0.79,79.92,19.29,23.55,58.44,18.01,7.58,69.17,23.25,28.26,61.09,10.65,7.03,68.33,24.63,1.19,77.04,21.77,2.63,48.68,48.68,17.11,73.68,9.21,2.63,78.95,18.42,0,82.89,17.11,29,61,11,4,64,32,11,86,4,7,79,14,0,75,25,.,.,.,.,.,.,.,.,.,.,.,.
"2002Q1",19,55,27,10,62,28,38,57,4,6,55,39,0,69,31,18.66,63.03,18.31,7.75,68.66,23.59,29.58,66.9,3.52,3.87,70.77,25.35,0,79.86,20.14,24.66,59.66,15.69,8.67,71.63,19.7,23.95,69.77,6.28,7.56,67.9,24.54,0,73.68,26.32,26.56,73.44,0,6.25,54.69,39.06,34.92,58.73,6.35,25.4,74.6,0,23,73,3,7,63,30,7,93,0,0,97,3,0,77,23,.,.,.,.,.,.,.,.,.,.,.,.
"2002Q2",21,52,26,7,66,27,32,65,3,4,65,31,0,78,22,14.66,60.15,25.19,11.19,72.76,16.04,34.34,63.77,1.89,2.65,63.26,34.09,0.37,75.28,24.34,35.08,54.22,10.7,6.23,72.15,21.62,25,70.43,4.57,8.05,68.67,23.28,0,75.53,24.47,9.73,71.68,18.58,32.74,63.72,3.54,1.79,59.82,38.39,0,77.88,22.12,30,60,10,10,67,23,10,90,0,3,93,3,3,69,28,.,.,.,.,.,.,.,.,.,.,.,.
"2002Q3",25,51,24,8,61,31,30,64,6,6,64,30,1,78,21,17.71,57.99,24.31,10.1,72.13,17.77,39.79,56.69,3.52,2.09,58.89,39.02,0,75.44,24.56,24.31,60.87,14.82,9.81,70.71,19.48,21.72,71.63,6.66,8.18,73.46,18.36,0,79.48,20.52,7.69,76.92,15.38,32.69,61.54,5.77,2.88,66.35,30.77,0,85.58,14.42,41,52,7,19,59,22,30,70,0,11,70,19,11,59,30,.,.,.,.,.,.,.,.,.,.,.,.
"2002Q4",23,52,25,6,58,36,29,55,16,14,60,25,0,81,18,19.64,56,24.36,7.64,69.45,22.91,38.49,53.96,7.55,1.45,57.61,40.94,0,74.64,25.36,22.28,61.44,16.28,5.96,73.68,20.36,20.82,69.43,9.75,7.02,73.39,19.59,0,79.38,20.62,5.56,63.89,30.56,27.78,56.48,15.74,13.21,56.6,30.19,0,80.37,19.63,24,62,14,5,67,29,38,62,0,0,67,33,0,62,38,.,.,.,.,.,.,.,.,.,.,.,.
"2003Q1",22,46,31,6,57,36,31,60,9,7,61,31,1,73,26,21.33,52.45,26.22,5.24,70.98,23.78,48.59,47.89,3.52,1.4,50.35,48.25,0,71.33,28.67,24.58,62.95,12.47,5.76,67.74,26.49,18.8,72.82,8.38,8.31,73.16,18.53,0.34,80.23,19.43,4.72,69.29,25.98,33.86,51.97,14.17,10.24,59.84,29.92,0.79,79.53,19.69,36,55,9,5,68,27,27,73,0,5,77,18,0,59,41,12.5,58.33,29.17,30.43,60.87,8.7,0,70.83,29.17,0,50,50
"2003Q2",24,53,23,4,54,42,22,71,6,6,70,24,1,80,19,18.95,58.25,22.81,5.24,66.43,28.32,26.32,63.86,9.82,5.59,67.48,26.92,0,77.97,22.03,19.39,65.94,14.67,3.05,69.06,27.88,14.66,75.34,10,8.12,77.06,14.82,0,81.28,18.72,2.92,75.91,21.17,20,73.33,6.67,7.46,68.66,23.88,0.75,80.6,18.66,27,73,0,5,62,33,23,77,0,9,68,23,9,55,36,3.85,73.08,23.08,16,80,4,3.85,76.92,19.23,0,76.92,23.08
"2003Q3",22,61,17,6,59,35,21,72,7,8,72,20,0,86,14,21.92,63.01,15.07,4.45,73.29,22.26,19.8,66.55,13.65,6.16,72.95,20.89,0,84.14,15.86,21.18,64.6,14.22,5.85,70.15,24,11.94,78.49,9.57,8.4,77.95,13.65,1.12,83.26,15.62,2.92,73.72,23.36,14.81,69.63,15.56,10.45,70.15,19.4,0,87.41,12.59,14,86,0,0,73,27,23,77,0,5,68,27,0,68,32,8.33,70.83,20.83,25,58.33,16.67,0,75,25,0,79.17,20.83
"2003Q4",22,59,19,4,65,31,15,65,19,14,70,15,0,89,10,18.18,62.94,18.88,4.5,71.28,24.22,10.73,66.44,22.84,9.72,76.39,13.89,0,85.56,14.44,18.72,68.36,12.92,1.24,72.61,26.15,5.18,79.78,15.04,12.96,76.9,10.14,0,83.87,16.13,1.56,73.44,25,8.59,61.72,29.69,14.17,74.02,11.81,0,92.19,7.81,26,70,4,9,61,30,30,70,0,9,78,13,0,70,30,0,75,25,20.83,66.67,12.5,4.17,79.17,16.67,0,83.33,16.67
"2004Q1",16,53,31,5,59,36,10,52,38,28,65,7,1,90,9,20,59.64,20.36,2.85,73.31,23.84,10.32,66.9,22.78,12.86,71.43,15.71,0,85.71,14.29,19.45,62.22,18.34,3.58,74.87,21.55,4.37,76.04,19.59,16.91,76.24,6.86,0,92.24,7.76,3.88,75.19,20.93,4.65,62.02,33.33,24.22,65.62,10.16,0,94.57,5.43,31,62,8,8,73,19,15,85,0,12,85,4,4,76,20,0,78.26,21.74,8.7,86.96,4.35,13.04,65.22,21.74,0,86.36,13.64
"2004Q2",23,54,23,9,65,26,6,71,24,21,72,7,1,91,8,16.73,59.43,23.84,8.51,74.47,17.02,9.22,75.53,15.25,7.45,79.79,12.77,0,86.07,13.93,18.82,66.72,14.46,2.84,76.63,20.53,4.04,83.83,12.13,11.88,83.42,4.7,0,88.12,11.88,6.06,84.85,9.09,5.34,70.23,24.43,12.88,80.3,6.82,0,96.21,3.79,19,77,4,0,85,15,4,92,4,12,88,0,0,77,23,4.35,69.57,26.09,13.04,65.22,21.74,0,78.26,21.74,0,91.3,8.7
"2004Q3",17,58,25,12,65,23,7,74,19,21,71,8,1,91,8,14.38,59.59,26.03,11.07,74.39,14.53,7.93,76.55,15.52,10.34,81.72,7.93,0,91.38,8.62,17.77,62.28,19.95,6.7,75.3,18.01,6.03,82.66,11.31,14.08,83.62,2.3,0.39,92.18,7.43,9.23,80.77,10,4.58,79.39,16.03,8.4,85.5,6.11,0.77,91.54,7.69,41,56,4,4,67,30,7,78,15,4,93,4,0,72,28,4.76,85.71,9.52,0,76.19,23.81,14.29,76.19,9.52,0,90.48,9.52
"2004Q4",19,53,28,7,65,28,8,58,34,30,64,6,1,93,6,11.85,59.63,28.52,7.78,80.74,11.48,7.43,68.4,24.16,12.59,74.81,12.59,0,89.63,10.37,11.36,73.24,15.4,1.6,77.16,21.24,7.61,75.49,16.9,16.65,78.04,5.31,0,94.38,5.62,6.35,76.19,17.46,9.6,62.4,28,12,79.2,8.8,0,95.16,4.84,19,73,8,8,85,8,8,85,8,19,73,8,4,85,12,4.35,91.3,4.35,0,72.73,27.27,8.7,65.22,26.09,4.35,82.61,13.04
"2005Q1",14,55,31,11,66,23,10,65,26,20,69,11,0,92,7,14.13,63.96,21.91,8.1,77.46,14.44,8.45,72.89,18.66,7.37,81.05,11.58,0,91.13,8.87,14.65,65.65,19.7,3.1,74.92,21.98,8.54,74.54,16.92,17.63,72.86,9.51,0,92.12,7.88,9.02,77.05,13.93,13.93,62.3,23.77,7.38,77.05,15.57,0,95.08,4.92,16,72,12,4,80,16,0,100,0,8,92,0,0,83,17,0,90.91,9.09,18.18,68.18,13.64,0,77.27,22.73,0,86.36,13.64
"2005Q2",13,54,32,13,72,14,11,76,13,15,74,10,1,92,7,11.47,63.44,25.09,11.43,78.93,9.64,7.89,79.21,12.9,6.81,86.38,6.81,0,89.89,10.11,12.8,70.78,16.42,1.92,81.62,16.46,2.35,85.62,12.03,10.11,84.78,5.11,0.73,92.7,6.58,7.02,85.96,7.02,8.85,79.65,11.5,5.26,87.72,7.02,0,96.49,3.51,5,89,5,5,89,5,0,100,0,0,100,0,0,83,17,0,87.5,12.5,8.33,87.5,4.17,4.17,79.17,16.67,4.17,91.67,4.17
"2005Q3",15,55,30,18,67,15,18,76,6,5,73,22,1,86,13,12.27,61.73,25.99,16.3,75.36,8.33,14.13,78.26,7.61,3.26,81.52,15.22,0,88.81,11.19,11.02,67.84,21.14,3.06,83.38,13.56,6.04,86.03,7.92,9.43,82.53,8.04,0.4,90.79,8.81,11.3,84.35,4.35,15.65,79.13,5.22,2.61,79.13,18.26,0,94.74,5.26,13,83,4,4,87,9,4,91,4,17,83,0,0,83,17,0,90.48,9.52,9.52,71.43,19.05,4.76,57.14,38.1,0,95,5
"2005Q4",16,48,36,13,65,22,20,70,10,13,68,19,1,85,14,12.17,65.02,22.81,12.12,75.76,12.12,12.45,74.72,12.83,4.55,80.3,15.15,0,87.74,12.26,13.81,69.97,16.22,1.85,82.42,15.73,8.47,79.33,12.2,12,75.81,12.19,0,90.67,9.33,5.65,78.23,16.13,15.57,59.02,25.41,14.63,72.36,13.01,0,95.93,4.07,37,53,11,5,84,11,5,74,21,26,74,0,5,84,11,0,81.82,18.18,18.18,50,31.82,9.09,81.82,9.09,0,95.45,4.55
"2006Q1",9,51,40,16,66,18,22,70,8,11,66,23,1,86,13,11.15,62.08,26.77,12.18,74.54,13.28,11.94,78.73,9.33,4.06,83.03,12.92,0,86.99,13.01,25.43,61.13,13.45,1.39,72.43,26.18,9.65,71.17,19.17,18.91,68.8,12.29,0,89.12,10.88,8.73,77.78,13.49,19.84,67.46,12.7,7.94,68.25,23.81,0,91.06,8.94,27,59,14,0,91,9,0,91,9,18,82,0,0,81,19,4.35,78.26,17.39,22.73,63.64,13.64,0,86.96,13.04,0,82.61,17.39
"2006Q2",20,45,35,17,66,17,22,71,7,6,74,20,2,81,17,14.18,55.22,30.6,16.04,75.37,8.58,18.73,76.4,4.87,2.62,79.03,18.35,0,86.94,13.06,19.89,64.68,15.43,1.67,80.85,17.48,10.28,82.31,7.41,9.89,79.41,10.7,0,91.52,8.48,15.75,77.95,6.3,18.75,78.91,2.34,3.15,77.95,18.9,0,90.55,9.45,24,71,5,10,86,5,14,86,0,10,90,0,0,89,11,8.7,78.26,13.04,26.09,65.22,8.7,4.35,78.26,17.39,0,91.3,8.7
"2006Q3",13,49,38,18,68,13,19,75,6,7,71,22,2,89,9,11.52,60.59,27.88,15.3,75,9.7,19.1,77.15,3.75,2.25,79.78,17.98,0,89.43,10.57,24.51,52.24,23.25,3.27,81.88,14.85,16.5,77.73,5.77,7.32,74.71,17.97,1.01,92.55,6.44,10.66,81.97,7.38,27.05,70.49,2.46,1.65,77.69,20.66,0,89.26,10.74,42,53,5,5,79,16,0,95,5,5,89,5,5,79,16,9.09,77.27,13.64,9.09,81.82,9.09,9.09,81.82,9.09,0,81.82,18.18
"2006Q4",20,51,29,9,65,26,8,53,39,31,59,10,1,91,8,14.18,67.82,18.01,7.69,78.85,13.46,11.15,72.31,16.54,6.92,79.23,13.85,0,89.49,10.51,13.92,67.33,18.76,2.45,75.77,21.78,17.63,74.09,8.28,5.03,80.76,14.22,0.44,93.58,5.98,7.5,73.33,19.17,22.5,60,17.5,8.47,72.03,19.49,0,92.44,7.56,38,57,5,.,86,0,.,.,.,19,67,14,5,85,10,10,75,15,10,75,15,0,80,20,0,90,10
"2007Q1",14,45,41,8,72,21,6,57,37,28,62,10,1,88,10,14.39,64.58,21.03,4.78,78.31,16.91,9.16,75.82,15.02,7.35,79.04,13.6,0.37,91.48,8.15,13.08,61.37,25.55,4.43,77.34,18.23,17.45,75.76,6.79,11.31,73.48,15.21,0,93.57,6.43,3.15,80.31,16.54,16.41,60.94,22.66,7.09,67.72,25.2,0,93.75,6.25,26,63,11,.,80,5,.,.,.,15,80,5,0,85,15,4.76,76.19,19.05,14.29,61.9,23.81,14.29,66.67,19.05,0,85.71,14.29
"2007Q2",14,50,36,10,66,24,5,72,23,23,70,7,1,92,7,11.03,62.36,26.62,10.27,75.29,14.45,6.9,76.25,16.86,6.87,82.44,10.69,0,92.31,7.69,9.42,69,21.58,1.78,81.82,16.4,5.47,85.99,8.55,9.21,80.26,10.53,0.47,96.25,3.29,4.44,86.67,8.89,9.56,77.21,13.24,6.67,79.26,14.07,0.74,91.18,8.09,37,63,0,.,84,0,.,.,.,0,95,5,0,100,0,0,100,0,10,75,15,10,75,15,0,95,5
"2007Q3",15,52,33,6,70,24,4,71,25,25,70,5,0,92,8,12.5,63.64,23.86,8.68,76.98,14.34,6.06,69.7,24.24,15.09,77.36,7.55,0.38,89.43,10.19,13.45,65.2,21.35,3.33,82.29,14.39,5.12,80.67,14.21,12.41,81.58,6.01,0,94.91,5.09,3.03,81.06,15.91,2.27,67.42,30.3,14.39,78.79,6.82,0.76,92.42,6.82,21,79,0,.,71,7,.,.,.,0,79,21,0,71,29,0,89.47,10.53,5.26,52.63,42.11,10.53,78.95,10.53,5.26,94.74,0
"2007Q4",22,46,32,5,65,30,4,44,52,37,57,6,0,89,11,19.32,59.09,21.59,5.68,78.79,15.53,4.53,63.02,32.45,14.77,78.41,6.82,1.13,92.08,6.79,22.77,59.88,17.35,4.17,76.87,18.96,7.9,72.15,19.96,13.68,76.05,10.26,0.93,92.02,7.05,3.85,72.31,23.85,2.31,43.85,53.85,21.88,72.66,5.47,0.77,95.38,3.85,42,42,16,.,58,11,.,.,.,5,74,21,11,61,28,0,100,0,5.26,47.37,47.37,5.26,89.47,5.26,0,94.74,5.26
"2008Q1",26,38,36,4,63,33,4,45,51,38,56,6,2,88,10,21.29,52.47,26.24,6.79,69.81,23.4,4.91,58.49,36.6,16.23,73.58,10.19,0,85.93,14.07,28.48,50.51,21.01,2.91,66.55,30.54,6.07,71.96,21.98,23.68,70.83,5.49,0.7,92.4,6.9,1.64,63.11,35.25,2.42,37.1,60.48,29.03,65.32,5.65,0,89.52,10.48,.,.,.,.,.,.,.,.,.,.,.,.,.,.,.,0,86.36,13.64,4.76,52.38,42.86,4.55,86.36,9.09,4.55,86.36,9.09
"2008Q2",30,40,30,8,59,32,4,54,41,33,61,6,1,84,15,16.22,55.21,28.57,8.88,74.52,16.6,8.53,70.16,21.32,10.81,76.83,12.36,0.39,82.95,16.67,19.89,54.23,25.87,3.36,71.68,24.96,7.23,78.24,14.53,14.16,77.65,8.19,0,90.21,9.79,10.57,70.73,18.7,3.23,60.48,36.29,17.36,77.69,4.96,0,91.06,8.94,29,53,18,.,82,6,.,.,.,12,82,6,0,59,41,4.76,90.48,4.76,19.05,61.9,19.05,0,85.71,14.29,0,90.48,9.52
"2008Q3",19,44,36,13,71,16,9,67,24,22,71,8,0,77,23,18,51.6,30.4,10.76,77.69,11.55,7.97,70.52,21.51,10.4,78.8,10.8,0.4,80.32,19.28,20.59,60.61,18.8,5.85,74.69,19.46,11.2,83.25,5.55,9.14,76.9,13.96,0,86.96,13.04,7.38,81.15,11.48,4.96,65.29,29.75,18.03,76.23,5.74,0.82,83.61,15.57,53,47,0,.,80,13,.,.,.,0,93,7,0,53,47,10,85,5,30,55,15,10,85,5,5,80,15
"2008Q4",18,49,33,14,62,24,12,63,25,15,74,11,1,78,22,21.37,55.65,22.98,14.06,69.48,16.47,18.15,64.52,17.34,7.29,73.28,19.43,0,75.71,24.29,38.79,44.35,16.86,5.31,74.3,20.4,29.21,67.76,3.02,6.5,69.94,23.56,0,80.54,19.46,10.32,72.22,17.46,20.63,56.35,23.02,9.52,76.98,13.49,1.63,77.24,21.14,56,38,6,.,81,6,.,.,.,13,63,25,0,56,44,5.56,88.89,5.56,33.33,44.44,22.22,11.11,72.22,16.67,5.56,72.22,22.22
"2009Q1",21,42,37,9,70,21,17,61,22,17,65,18,0,77,22,28.8,52.8,18.4,5.56,72.22,22.22,18.33,69.72,11.95,4.74,74.7,20.55,0,71.49,28.51,32.65,51.94,15.41,5.07,74.42,20.52,24.3,72.19,3.52,4.45,70.27,25.27,0,80.01,19.99,7.69,73.5,18.8,23.73,57.63,18.64,7.63,67.8,24.58,0.86,76.72,22.41,48,48,5,.,76,10,.,.,.,0,62,38,0,62,38,5.88,94.12,0,47.06,41.18,11.76,0,76.47,23.53,0,82.35,17.65
"2009Q2",33,45,21,6,70,24,22,64,15,10,69,21,0,76,24,22.53,57.31,20.16,8.27,73.23,18.5,17,73.91,9.09,4.4,79.2,16.4,0,78.4,21.6,33.07,52.39,14.54,2.91,81.25,15.84,21.45,76.56,2,4.99,76.04,18.97,0.41,82.99,16.6,4.2,75.63,20.17,21.01,70.59,8.4,7.63,70.34,22.03,0,86.44,13.56,53,35,12,.,67,11,.,.,.,0,72,28,0,65,35,40,60,0,40,60,0,0,70,30,0,55,45
"2009Q3",30,44,25,6,68,27,21,68,10,8,68,24,0,76,24,19.53,58.98,21.48,7.78,77.43,14.79,22.57,72.76,4.67,3.12,72.27,24.61,0,77.34,22.66,38.26,47.92,13.83,5.43,70.7,23.87,25.78,71.81,2.42,5.23,77.15,17.62,0,85.96,14.04,7.26,75.81,16.94,25.81,67.74,6.45,3.23,72.58,24.19,0,81.15,18.85,63,31,6,.,75,13,.,.,.,13,44,44,0,44,56,36.84,63.16,0,36.84,57.89,5.26,0,63.16,36.84,0,36.84,63.16
"2009Q4",26,46,28,5,65,30,21,66,13,9,69,22,0,75,25,23.53,59.24,17.23,6.33,70.04,23.63,20.25,64.56,15.19,8.02,67.93,24.05,0.43,75.74,23.83,34.08,56.96,8.97,2.85,72.29,24.86,22.18,73,4.82,8.85,73.75,17.41,0,90.52,9.48,4.88,73.17,21.95,23.58,63.41,13.01,7.44,68.6,23.97,0,86.18,13.82,.,.,.,.,.,.,.,.,.,.,.,.,.,.,.,25,60,15,50,45,5,0,60,40,0,50,50
"2010Q1",20,51,29,5,63,32,30,61,9,7,64,29,1,75,24,21.01,54.09,24.9,4.69,70.31,25,19.84,70.82,9.34,5.04,72.87,22.09,0,77.43,22.57,.,.,.,.,.,.,.,.,.,.,.,.,.,.,.,3.48,75.65,20.87,25.22,66.09,8.7,6.09,70.43,23.48,0,83.33,16.67,44,50,6,.,61,11,.,.,.,0,72,28,6,65,29,10.53,68.42,21.05,36.84,57.89,5.26,0,63.16,36.84,0,63.16,36.84
