"Period","Chicago - Average loan-to-deposit ratio","Chicago - Loan-to-deposit ratio - Lower than desired","Chicago - Loan-to-deposit ratio - At desired level","Chicago - Loan-to-deposit ratio - Higher than desired","Kansas City - Average loan-to-deposit ratio","Kansas City - Loan-to-deposit ratio - Lower than desired","Kansas City - Loan-to-deposit ratio - At desired level","Kansas City - Loan-to-deposit ratio - Higher than desired","Kansas City - Refused or reduced a farm loan because of a shortage of loanable funds","Kansas City - Actively seeking new farm loan accounts","Kansas City - Referrals to Correspondent banks - None","Kansas City - Referrals to Correspondent banks compared with year earlier - Lower","Kansas City - Referrals to Correspondent banks compared with year earlier - Same","Kansas City - Referrals to Correspondent banks compared with year earlier - Higher","Kansas City - Referrals to Nonbank agencies - None","Kansas City - Referrals to Nonbank agencies ompared with year earlier - Lower","Kansas City - Referrals to Nonbank agencies ompared with year earlier - Same","Kansas City - Referrals to Nonbank agencies ompared with year earlier - Higher","Dallas - Average loan-to-deposit ratio","Dallas - Refused or reduced a farm loan because of a shortage of loanable funds","Dallas - Referrals to Correspondent banks compared with year earlier - Lower","Dallas - Referrals to Correspondent banks compared with year earlier - Same","Dallas - Referrals to Correspondent banks compared with year earlier - Higher","Dallas - Referrals to Nonbank agencies ompared with year earlier - Lower","Dallas - Referrals to Nonbank agencies ompared with year earlier - Same","Dallas - Referrals to Nonbank agencies ompared with year earlier - Higher","Minneapolis - Average loan-to-deposit ratio","Minneapolis - Loan-to-deposit ratio - Lower than desired","Minneapolis - Loan-to-deposit ratio - At desired level","Minneapolis - Loan-to-deposit ratio - Higher than desired","Minneapolis - Refused or reduced a farm loan because of a shortage of loanable funds","Minneapolis - Referrals to Correspondent banks compared with year earlier - Lower","Minneapolis - Referrals to Correspondent banks compared with year earlier - Same","Minneapolis - Referrals to Correspondent banks compared with year earlier - Higher","Minneapolis - Referrals to Nonbank agencies ompared with year earlier - Lower","Minneapolis - Referrals to Nonbank agencies ompared with year earlier - Same","Minneapolis - Referrals to Nonbank agencies ompared with year earlier - Higher","Richmond - Average loan-to-deposit ratio","Richmond - Loan-to-deposit ratio - Lower than desired","Richmond - Loan-to-deposit ratio - At desired level","Richmond - Loan-to-deposit ratio - Higher than desired","Richmond - Refused or reduced a farm loan because of a shortage of loanable funds","Richmond - Actively seeking new farm loan accounts","Richmond - Referrals to Correspondent banks - None","Richmond - Referrals to Correspondent banks compared with year earlier - Lower","Richmond - Referrals to Correspondent banks compared with year earlier - Same","Richmond - Referrals to Correspondent banks compared with year earlier - Higher","Richmond - Referrals to Nonbank agencies - None","Richmond - Referrals to Nonbank agencies ompared with year earlier - Lower","Richmond - Referrals to Nonbank agencies ompared with year earlier - Same","Richmond - Referrals to Nonbank agencies ompared with year earlier - Higher","San Francisco - Average loan-to-deposit ratio","San Francisco - Loan-to-deposit ratio - Lower than desired","San Francisco - Loan-to-deposit ratio - At desired level","San Francisco - Loan-to-deposit ratio - Higher than desired","San Francisco - Refused or reduced a farm loan because of a shortage of loanable funds","San Francisco - Referrals to Correspondent banks compared with year earlier - Lower","San Francisco - Referrals to Correspondent banks compared with year earlier - Same","San Francisco - Referrals to Correspondent banks compared with year earlier - Higher","San Francisco - Referrals to Nonbank agencies ompared with year earlier - Lower","San Francisco - Referrals to Nonbank agencies ompared with year earlier - Same","San Francisco - Referrals to Nonbank agencies ompared with year earlier - Higher"
"1991Q1",56,67,26,7,.,.,.,.,3.22,.,.,12.54,79.54,7.92,.,12.08,76.85,11.07,42.19,2.41,15.83,72.47,11.71,15.6,70.35,14.05,.,.,.,.,.,.,.,.,.,.,.,.,.,.,.,.,.,.,.,.,.,.,.,.,.,.,.,.,.,.,.,.,.,.,.,.
"1991Q2",58,66,27,7,.,.,.,.,2.65,.,.,15.2,79.05,5.74,.,14.24,73.9,11.86,43.4,2.71,14.03,80.18,5.79,10.25,77.21,12.53,.,.,.,.,.,.,.,.,.,.,.,.,.,.,.,.,.,.,.,.,.,.,.,.,.,.,.,.,.,.,.,.,.,.,.,.
"1991Q3",58,63,28,9,.,.,.,.,3.44,.,.,17.31,76.92,5.77,.,16.08,73.31,10.61,44.54,2.71,13.95,75.15,10.9,9.2,82.93,7.87,.,.,.,.,.,.,.,.,.,.,.,.,.,.,.,.,.,.,.,.,.,.,.,.,.,.,.,.,.,.,.,.,.,.,.,.
"1991Q4",57,64,30,6,.,.,.,.,2.31,.,.,15.36,80.25,4.39,.,15.53,74.22,10.25,43.24,2.38,13.23,78.63,8.15,8.66,83.16,8.17,.,.,.,.,.,.,.,.,.,.,.,.,.,.,.,.,.,.,.,.,.,.,.,.,.,.,.,.,.,.,.,.,.,.,.,.
"1992Q1",57,67,26,7,.,.,.,.,3.54,.,.,23.78,69.38,6.84,.,23.03,62.83,14.14,41.81,1.31,8.35,84.5,7.16,8.41,79.1,12.49,.,.,.,.,.,.,.,.,.,.,.,.,.,.,.,.,.,.,.,.,.,.,.,.,.,.,.,.,.,.,.,.,.,.,.,.
"1992Q2",58,67,26,7,.,.,.,.,2.4,.,.,24.16,70.13,5.7,.,22.48,64.43,13.09,41.36,2.82,12.22,79.71,8.07,9.46,74.39,16.15,.,.,.,.,3,.,.,.,.,.,.,69.19,45,45,10,0,79.2,75,0,25,0,73.7,5.3,21.1,0,.,.,.,.,.,.,.,.,.,.,.
"1992Q3",59,60,30,10,.,.,.,.,2.14,.,.,27.4,68.84,3.77,.,24.4,67.01,8.59,43.32,1.4,11.9,80.02,6.91,5.78,83.5,10.72,.,.,.,.,.,.,.,.,.,.,.,.,.,.,.,.,.,.,.,.,.,.,.,.,.,.,.,.,.,.,.,.,.,.,.,.
"1992Q4",59,64,29,8,.,.,.,.,0.31,.,.,17.89,76.49,5.61,.,17.96,71.13,10.92,40.74,2.69,15.36,75.55,9.08,10.83,78.76,10.4,.,.,.,.,5,.,.,.,.,.,.,69.42,52.2,43.5,4.3,13.6,82.6,80,5,15,0,23.8,4.8,71.4,0,.,.,.,.,.,.,.,.,.,.,.
"1993Q1",58,68,24,8,.,.,.,.,2.11,.,.,15.57,77.16,7.27,.,16.15,72.51,11.34,40.89,1.4,14.85,80.49,4.65,8.07,83.95,7.99,.,.,.,.,4,.,.,.,.,.,.,67,50,42,8,4,75,77,0,9,14,82,0,14,5,.,.,.,.,.,.,.,.,.,.,.
"1993Q2",59,66,25,9,.,.,.,.,1.24,.,.,14.8,80.14,5.05,.,14.18,76.73,9.09,41.86,0,14.35,79.99,5.66,15.91,76.89,7.2,.,.,.,.,3,.,.,.,.,.,.,67.45,61.9,33.3,4.8,0,78.3,71.4,0,23.8,4.8,20,5,75,0,.,.,.,.,.,.,.,.,.,.,.
"1993Q3",59,64,26,10,.,.,.,.,2.17,.,.,14.13,79.35,6.52,.,14.75,76.26,8.99,44.32,0.93,13.28,80,6.73,13.66,81.25,5.09,.,.,.,.,4,.,.,.,.,.,.,69,60,30,10,5,68,84,0,16,0,71,0,29,0,.,.,.,.,.,.,.,.,.,.,.
"1993Q4",60,65,25,10,.,.,.,.,1.8,.,.,11.85,82.96,5.19,.,12.87,78.31,8.82,44.64,1.11,11.57,84.05,4.38,10.73,84.99,4.28,.,.,.,.,5,.,.,.,.,.,.,68.1,53,37,11,0,65,71,0,29,0,65,0,35,0,.,.,.,.,.,.,.,.,.,.,.
"1994Q1",60,66,24,10,.,.,.,.,2.14,.,.,9.68,84.23,6.09,.,10.95,75.97,13.07,44.51,1.31,10.71,82.8,6.49,9.89,82.74,7.37,.,.,.,.,6,.,.,.,.,.,.,68.6,50,40,10,0,77,71,0,29,0,65,5,30,0,.,.,.,.,.,.,.,.,.,.,.
"1994Q2",62,55,33,12,.,.,.,.,1.24,.,.,10.87,82.25,6.88,.,10.11,77.98,11.91,44.01,0,13.33,84.08,2.59,10.04,85.54,4.42,.,.,.,.,5,.,.,.,.,.,.,67.6,45,50,5,5,76,90,0,10,0,74,5,21,0,.,.,.,.,.,.,.,.,.,.,.
"1994Q3",65,50,30,20,.,.,.,.,3.32,.,.,10.86,80.52,8.61,.,10.9,77.07,12.03,46.81,1.24,12.35,81.83,5.82,9.7,83.19,7.11,.,.,.,.,11,.,.,.,.,.,.,71.1,38,52,10,0,78,85,0,15,0,74,0,26,0,.,.,.,.,.,.,.,.,.,.,.
"1994Q4",64,50,32,18,.,.,.,.,4.33,.,.,11.72,80.95,7.33,.,8.86,77.12,14.02,43.91,0.55,13.19,80.15,6.66,12.59,83.5,3.9,.,.,.,.,7,.,.,.,.,.,.,70,37,58,5,0,90,88,0,13,0,71,0,24,6,.,.,.,.,.,.,.,.,.,.,.
"1995Q1",65,49,34,17,.,.,.,.,4.66,.,.,9.43,84.53,6.04,.,8.37,78.71,12.93,45.32,0.77,9.23,85.36,5.4,11.41,83.77,4.81,.,.,.,.,10,.,.,.,.,.,.,75,42,46,13,0,76,83,4,13,0,70,9,22,0,.,.,.,.,.,.,.,.,.,.,.
"1995Q2",66,48,35,17,.,.,.,.,5.36,.,.,10.63,84.25,5.12,.,9.24,81.12,9.64,47,1.4,14.14,79.71,6.15,17.58,76.48,5.94,.,.,.,.,9,.,.,.,.,.,.,75.7,36,41,23,0,83,86,0,14,0,77,0,23,0,.,.,.,.,.,.,.,.,.,.,.
"1995Q3",67,51,32,17,.,.,.,.,4.33,.,.,10.67,83.4,5.93,.,11.11,78.17,10.71,50.59,1.03,9.22,82.9,7.88,9.87,84,6.13,.,.,.,.,7,.,.,.,.,.,.,75.1,45,50,5,0,68,81,0,19,0,89,0,11,0,.,.,.,.,.,.,.,.,.,.,.
"1995Q4",65,53,36,11,.,.,.,.,3.44,.,.,8,85.6,6.4,.,9.09,77.08,13.83,48.88,1.01,9.66,80.9,9.44,7.59,81.15,11.26,.,.,.,.,4,.,.,.,.,.,.,71.3,52,43,5,0,86,95,0,5,0,90,0,10,0,.,.,.,.,.,.,.,.,.,.,.
"1996Q1",65,56,30,14,.,.,.,.,3.18,.,.,8.42,87.88,3.7,.,6.38,76.85,16.78,45.88,0.99,14.87,80.49,4.63,10.73,69.53,19.74,.,.,.,.,6,.,.,.,.,.,.,72.4,53,42,5,0,90,89,0,11,0,84,0,16,0,.,.,.,.,.,.,.,.,.,.,.
"1996Q2",66,54,32,14,.,.,.,.,4.09,.,.,8.7,85.95,5.35,.,7.57,78.29,14.14,50.69,1.31,10.88,77.55,11.57,7.46,73.36,19.18,.,.,.,.,7.3,.,.,.,.,.,.,72.8,45,40,15,0,71,89,2,9,0,80,4,13,4,.,.,.,.,.,.,.,.,.,.,.
"1996Q3",68,50,33,17,.,.,.,.,2.9,.,.,12.13,82.95,4.92,.,12.42,77.78,9.8,51.96,2.06,8.46,82.42,9.12,9.79,74.61,15.6,.,.,.,.,7,.,.,.,.,.,.,72.5,31,56,13,0,75,88,2,11,0,80,4,14,2,.,.,.,.,.,.,.,.,.,.,.
"1996Q4",68,48,35,17,.,.,.,.,2.04,.,.,10.1,85.52,4.38,.,9.67,82.67,7.67,49.01,1.76,11.65,78.29,10.06,10.45,75.33,14.22,.,.,.,.,7,.,.,.,.,.,.,70.8,39,50,11,0,82,91,0,7,2,79,0,21,0,.,.,.,.,.,.,.,.,.,.,.
"1997Q1",68,51,32,17,.,.,.,.,1.37,.,.,10.56,85.92,3.52,.,8.28,82.76,8.97,48.93,0.62,12.81,83.04,4.16,12.3,74.04,13.66,.,.,.,.,10,.,.,.,.,.,.,72.1,36,50,14,0,77,85,5,10,0,83,3,10,5,.,.,.,.,.,.,.,.,.,.,.
"1997Q2",70,47,32,21,.,.,.,.,1.74,.,.,8.42,86.67,4.91,.,8.71,81.88,9.41,51.77,1.86,12.02,84.67,3.31,12.15,80.93,6.93,.,.,.,.,11,.,.,.,.,.,.,74,39,49,12,2,82,91,0,9,0,86,0,14,0,.,.,.,.,.,.,.,.,.,.,.
"1997Q3",70,43,34,23,.,.,.,.,1.15,.,.,5.63,86.97,7.39,.,6.34,86.97,6.69,54,0.93,13.66,78.41,7.94,21.07,72.47,6.46,.,.,.,.,12,.,.,.,.,.,.,72.1,45,53,3,2,80,85,0,15,0,78,0,23,0,.,.,.,.,.,.,.,.,.,.,.
"1997Q4",71,44,36,21,.,.,.,.,1.14,.,.,6.99,87.5,5.51,.,8.55,83.27,8.18,50.21,0.52,9.07,83.7,7.23,11.51,80.1,8.39,.,.,.,.,13,.,.,.,.,.,.,73.2,41,51,8,0,73,87,0,13,0,74,0,15,10,.,.,.,.,.,.,.,.,.,.,.
"1998Q1",69,43,39,18,.,.,.,.,1.14,.,.,7.3,88.69,4.01,.,8.46,81.99,9.56,49.23,0.41,17.55,74.63,7.83,16.85,69.48,13.67,.,.,.,.,7,.,.,.,.,.,.,72.3,46,41,14,0,78,92,0,8,0,83,3,8,6,.,.,.,.,.,.,.,.,.,.,.
"1998Q2",73,43,34,22,.,.,.,.,1.72,.,.,.,.,.,.,.,.,.,52.62,3.93,8.17,85.47,6.36,8,81.46,10.54,.,.,.,.,12,.,.,.,.,.,.,73.3,48,48,3,0,81,93,0,7,0,100,0,0,0,.,.,.,.,.,.,.,.,.,.,.
"1998Q3",72,39,38,22,.,.,.,.,3.2,.,.,6.96,87.83,5.22,.,6.49,80.09,13.42,52.72,0.68,9.35,86.25,4.4,6.16,81.22,12.62,.,.,.,.,10,.,.,.,.,.,.,71.8,62,35,4,0,70,96,0,4,0,85,0,11,4,.,.,.,.,.,.,.,.,.,.,.
"1998Q4",70,50,34,16,.,.,.,.,1.75,.,.,6.56,88.8,4.63,.,5.88,80.39,13.73,51.21,0.79,12.3,79.45,8.25,8.13,73.84,18.03,.,.,.,.,9.38,.,.,.,.,.,.,73.1,63,30,7,0,71,93,0,7,0,83,0,13,3,.,.,.,.,.,.,.,.,.,.,.
"1999Q1",70,58,27,14,.,.,.,.,2.08,.,.,4.83,90.71,4.46,.,4.46,80.67,14.87,51.27,0,8.34,80.8,10.86,7.93,71.78,20.29,.,.,.,.,10.42,.,.,.,.,.,.,73.9,62,28,10,0,64,78,4,15,4,74,4,19,4,.,.,.,.,.,.,.,.,.,.,.
"1999Q2",72,49,35,15,.,.,.,.,0.95,.,.,7.27,88,4.73,.,7.97,78.62,13.41,50.63,0.88,8.2,83.67,8.14,7.48,74.71,17.81,.,.,.,.,4.08,.,.,.,.,.,.,72.5,54,42,4,0,74,88,8,4,0,84,8,8,0,.,.,.,.,.,.,.,.,.,.,.
"1999Q3",73,42,33,25,.,.,.,.,3.18,.,.,6.14,90.25,3.61,.,6.91,84.36,8.73,52.62,0.59,11.59,78.25,10.16,8.68,78.37,12.95,.,.,.,.,4.95,.,.,.,.,.,.,73.8,46,46,9,0,66,88,3,9,0,76,3,12,9,.,.,.,.,.,.,.,.,.,.,.
"1999Q4",73,47,32,21,.,.,.,.,3.81,.,.,5.15,89.71,5.15,.,8.86,82.66,8.49,51.95,1.3,5.89,78.81,15.3,6.92,76.8,16.28,.,.,.,.,3.3,.,.,.,.,.,.,75.2,38,44,18,0,63,88,3,6,3,77,3,13,6,.,.,.,.,.,.,.,.,.,.,.
"2000Q1",73,44,35,21,.,.,.,.,1.31,.,.,8.92,85.5,5.58,.,8.88,81.85,9.27,51.14,1.07,14.52,80.62,4.86,15.2,79.67,5.13,.,.,.,.,1.2,.,.,.,.,.,.,73.5,42,44,14,0,68,94,0,6,0,80,0,9,11,.,.,.,.,.,.,.,.,.,.,.
"2000Q2",75,34,36,29,.,.,.,.,2.8,.,.,9.34,84.82,5.84,.,8.98,84.9,6.12,55.28,1.29,10.47,84.47,5.06,8.95,82.11,8.93,.,.,.,.,4.85,.,.,.,.,.,.,75.1,39,47,14,3,66,77,6,13,3,69,3,16,13,.,.,.,.,.,.,.,.,.,.,.
"2000Q3",77,35,32,33,.,.,.,.,2.76,.,.,6.23,88.33,5.45,.,7.17,85.26,7.57,57.52,1.18,15.42,76.67,7.9,13.03,75.33,11.64,.,.,.,.,10.1,.,.,.,.,.,.,75.4,38,44,18,3,60,88,0,12,0,67,0,30,3,.,.,.,.,.,.,.,.,.,.,.
"2000Q4",75,39,36,25,.,.,.,.,0.7,.,.,5.65,90.32,4.03,.,4.15,86.72,9.13,55.78,4.55,10.38,81.83,7.79,12.14,75.57,12.29,.,.,.,.,5.21,.,.,.,.,.,.,76.9,39,43,17,4,67,75,5,20,0,80,0,20,0,.,.,.,.,.,.,.,.,.,.,.
"2001Q1",75,41,35,23,.,.,.,.,0.36,.,.,4.74,91.38,3.88,.,5.33,86.22,8.44,56.45,1.73,7.86,81.97,10.16,8.15,74.73,17.12,.,.,.,.,1.22,8.64,86.42,4.94,8.64,85.19,6.17,83.6,46,46,8,0,73,80,0,20,0,80,0,20,0,.,.,.,.,.,.,.,.,.,.,.
"2001Q2",75,46,34,20,.,.,.,.,1.14,.,.,6.7,88.84,4.46,.,8.72,83.94,7.34,57.9,1.75,12.24,79.16,8.6,10.14,71.94,17.92,.,.,.,.,1.47,9.23,84.62,6.15,12.31,81.54,6.15,78.2,61,32,6,0,72,83,3,13,0,77,3,17,3,.,.,.,.,.,.,.,.,.,.,.
"2001Q3",75,48,33,19,.,.,.,.,1.47,.,.,6.9,89.22,3.88,.,6.01,86.27,7.73,59.95,0.89,10.89,83.11,6,11.19,77.82,10.99,.,.,.,.,6.45,10.53,84.21,3.51,6.78,86.44,6.78,74.4,68,28,4,0,72,78,0,22,0,74,0,22,4,.,.,.,.,.,.,.,.,.,.,.
"2001Q4",73,52,34,14,.,.,.,.,0.39,.,.,6.31,90.09,3.6,.,8.26,85.78,5.96,56.2,3.38,8.63,84.97,6.4,8.2,81.15,10.65,.,.,.,.,1.35,9.59,86.3,4.11,9.59,80.82,9.59,74.4,56,37,7,0,71,93,0,7,0,93,0,7,0,.,.,.,.,.,.,.,.,.,.,.
"2002Q1",73,54,30,16,.,.,.,.,0.35,.,.,5.28,89.84,4.88,.,5.74,77.46,16.8,57.83,0,9.96,85.08,4.96,11.05,76.05,12.9,.,.,.,.,3.17,3.77,92.45,3.77,16.36,80,3.64,73.3,47,47,7,0,70,93,0,7,0,93,0,7,0,.,.,.,.,.,.,.,.,.,.,.
"2002Q2",75,50,33,17,.,.,.,.,4.76,.,.,6.12,92.24,1.63,.,5.35,85.19,9.47,59.44,0.37,10.79,80.58,8.62,12.52,78.45,9.03,.,.,.,.,2.27,7.62,85.71,6.67,6.86,84.31,8.82,74.9,52,37,11,0,69,90,0,10,0,90,0,10,0,.,.,.,.,.,.,.,.,.,.,.
"2002Q3",76,50,30,20,.,.,.,.,2.16,.,.,4.09,93.68,2.23,.,3.4,85.28,11.32,60.44,0,10.21,81.25,8.54,8.93,82.26,8.81,.,.,.,.,1.33,7,91,2,6.12,89.8,4.08,75.3,35,58,8,0,65,85,0,15,0,81,0,12,8,.,.,.,.,.,.,.,.,.,.,.
"2002Q4",73,56,27,17,.,.,.,.,0.85,.,.,3.82,92.37,3.82,.,3.54,85.04,11.42,60.24,0.32,8.93,83.07,8,9.77,79.1,11.13,.,.,.,.,2.56,5,91,4,5,88,7,75.1,62,29,10,0,75,89,0,11,0,84,0,5,11,.,.,.,.,.,.,.,.,.,.,.
"2003Q1",72,59,27,14,.,.,.,.,1.75,.,.,4.1,93.66,2.24,.,4.1,79.48,16.42,58.79,0,6.59,87.1,6.31,4.48,86.88,8.64,.,.,.,.,2.13,11.2,83.2,5.6,8.94,79.67,11.38,72.2,52,43,5,0,71,86,0,14,0,85,0,10,5,.,.,.,.,5.88,0,95.83,4.17,4.55,68.18,27.27
"2003Q2",73,62,27,11,.,.,.,.,1.34,.,.,3.33,95.19,1.48,.,3.03,87.5,9.47,59.61,0.24,8.51,83.16,8.34,6.89,83.23,9.88,.,.,.,.,0,8.33,87.88,3.79,7.63,87.79,4.58,73.7,64,32,5,5,79,86,0,14,0,81,0,14,5,.,.,.,.,0,12,88,0,12,76,12
"2003Q3",73,62,24,14,.,.,.,.,1.42,.,.,2.15,94.98,2.87,.,2.91,90.18,6.91,60.65,0.8,10.51,84.64,4.85,8.64,83.23,8.13,.,.,.,.,1.92,3.79,94.7,1.52,3.88,89.15,6.98,75.1,67,29,5,0,82,86,0,10,5,86,0,5,10,.,.,.,.,0,8.33,91.67,0,12.5,83.33,4.17
"2003Q4",72,65,27,8,.,.,.,.,1.79,.,.,4.66,91.76,3.58,.,6.27,87.82,5.9,59.4,0,9.97,84.5,5.53,11.14,81.93,6.93,.,.,.,.,0,6.72,91.6,1.68,4.2,89.08,6.72,70.6,48,43,9,0,70,86,0,14,0,90,0,10,0,.,.,.,.,0,4.55,95.45,0,4.76,90.48,4.76
"2004Q1",73,60,27,12,.,.,.,.,1.88,.,.,4.4,93.04,2.56,.,5.15,87.5,7.35,57.8,0,9.62,87.06,3.32,10.81,85.77,3.43,.,.,.,.,0,6.78,92.37,0.85,4.27,94.02,1.71,75.1,54,46,0,0,73,81,0,19,0,81,0,19,0,.,.,.,.,0,8.7,91.3,0,8.7,82.61,8.7
"2004Q2",74,59,27,15,.,.,.,.,1.53,.,.,3.66,93.41,2.93,.,4.1,89.93,5.97,58.1,0,8.68,85.77,5.56,8.95,85.12,5.93,.,.,.,.,2,5.65,92.74,1.61,4.88,91.87,3.25,69.1,46,54,0,0,73,80,0,20,0,72,0,28,0,.,.,.,.,0,5,95,0,4.76,85.71,9.52
"2004Q3",75,53,30,17,.,.,.,.,1.82,.,.,3.2,94.66,2.14,.,3.94,92.47,3.58,61.1,0,7.76,88.4,3.84,8.28,88.3,3.42,.,.,.,.,1.94,6.61,92.56,0.83,5.83,93.33,0.83,80.3,35,46,19,0,74,92,0,8,0,88,0,8,4,.,.,.,.,6.25,15,85,0,10,80,10
"2004Q4",74,56,33,11,.,.,.,.,1.92,.,.,4.25,91.51,4.25,.,5.06,92.22,2.72,58.96,0,11.28,85.45,3.27,9.46,88.24,2.31,.,.,.,.,0,2.54,96.61,0.85,4.27,94.02,1.71,77.4,42,42,17,0,73,96,0,4,0,83,0,17,0,.,.,.,.,7.14,9.52,80.95,9.52,4.76,85.71,9.52
"2005Q1",74,52,29,19,.,.,.,.,0.97,.,.,4.36,91.64,4,.,3.7,92.22,4.07,58.19,0.77,8.66,88.06,3.28,8.6,89.97,1.42,.,.,.,.,1.11,6.84,88.03,5.13,3.51,92.11,4.39,87,39,43,17,0,83,79,0,21,0,71,4,21,4,.,.,.,.,0,4.55,95.45,0,4.76,85.71,9.52
"2005Q2",76,48,34,18,.,.,.,.,1.03,.,.,2.96,93.33,3.7,.,4.15,92.83,3.02,57.96,0,10.98,81.68,2.16,9.01,84.57,1.24,.,.,.,.,1.14,4.67,91.59,3.74,3.88,95.15,0.97,75.1,37,47,16,0,63,68,5,26,0,68,5,26,0,.,.,.,.,0,0,91.67,8.33,0,91.67,8.33
"2005Q3",77,47,36,18,.,.,.,.,3.03,.,.,2.22,94.07,3.7,.,2.63,94.74,2.63,61.64,0,3.69,88.27,2.87,3.52,87.76,3.54,.,.,.,.,3.9,1.82,95.45,2.73,0.92,97.25,1.83,79.4,35,48,17,0,73,85,0,15,0,81,5,14,0,.,.,.,.,0,10,85,5,5.26,89.47,5.26
"2005Q4",76,51,29,20,.,.,.,.,2.03,.,.,2.72,95.72,1.56,.,1.98,94.07,3.95,59.16,0.28,5.88,87.17,1.77,6,86.31,2.51,.,.,.,.,0,3.48,94.78,1.74,4.5,93.69,1.8,81.9,37,42,21,0,74,82,0,18,0,76,0,24,0,.,.,.,.,0,4.55,86.36,9.09,4.55,90.91,4.55
"2006Q1",77,53,30,17,.,.,.,.,1.54,.,.,3.45,92.72,3.83,.,3.86,90.35,5.79,57.57,0,4.66,94.69,0.65,4.09,93.1,2.81,.,.,.,.,0,6.67,90.83,2.5,4.24,89.83,5.93,77.2,36,64,0,0,65,89,0,11,0,84,0,11,5,.,.,.,.,0,9.09,90.91,0,9.09,90.91,0
"2006Q2",78,48,33,19,.,.,.,.,4.89,.,.,2.33,95.72,1.95,.,2.35,93.73,3.92,60.01,0,7.01,90,2.99,6.91,88.18,4.91,.,.,.,.,1.04,2.48,94.21,3.31,0.83,93.39,5.79,82,38,52,10,0,67,89,0,11,0,89,0,11,0,.,.,.,.,0,9.52,85.71,4.76,4.76,95.24,0
"2006Q3",79,46,30,24,.,.,.,.,3.98,.,.,1.16,95.74,3.1,.,0.78,96.48,2.73,61.43,0,9.38,89.25,1.37,7.82,88.65,3.54,.,.,.,.,0,5.36,92.86,1.79,4.5,92.79,2.7,81.2,37,53,11,0,68,83,6,11,0,83,0,17,0,.,.,.,.,0,4.76,95.24,0,9.52,90.48,0
"2006Q4",77,52,31,17,.,.,.,.,3.35,.,.,3.2,94.8,2,.,3.21,93.57,3.21,64.63,1.33,8.36,88.25,3.39,10.22,88.18,1.59,.,.,.,.,0,6.25,91.96,1.79,4.42,92.92,2.65,92,26,58,16,0,76,89,0,11,0,79,5,16,0,.,.,.,.,0,5.56,94.44,0,5.56,88.89,5.56
"2007Q1",78,52,27,21,.,.,.,.,4.23,.,.,4.6,91.57,3.83,.,5.08,90.62,4.3,58.4,0.85,9.03,88.82,2.14,6.51,89.03,4.47,.,.,.,.,2.15,4.96,92.56,2.48,5.04,92.44,2.52,81.7,40,45,15,0,75,89,0,11,0,89,0,11,0,.,.,.,.,0,15.79,84.21,0,20,70,10
"2007Q2",78,54,31,15,.,.,.,.,3.21,.,.,3.97,92.06,3.97,.,4.84,91.53,3.63,61.83,0,7.65,90.47,1.88,8.29,89.69,2.02,.,.,.,.,1.04,6.06,90.15,3.79,3.91,92.97,3.12,83,41,47,12,0,72,82,0,18,0,88,0,12,0,.,.,.,.,7.69,5.56,83.33,11.11,5.26,89.47,5.26
"2007Q3",78,52,28,20,.,.,.,.,3.93,.,.,3.14,92.55,4.31,.,3.57,93.25,3.17,60.84,0.45,6.99,90.05,2.97,6.89,88.41,4.7,.,.,.,.,3.06,7.14,90.48,2.38,7.14,91.27,1.59,82.8,46,46,8,0,71,83,0,17,0,83,0,17,0,.,.,.,.,0,0,88.89,11.11,0,94.44,5.56
"2007Q4",77,59,25,16,.,.,.,.,3.45,.,.,3.15,94.88,1.97,.,5.6,92.8,1.6,60.93,0.95,11.67,84.38,3.95,8.86,86.37,4.77,.,.,.,.,0,10.24,88.19,1.57,8.87,87.9,3.23,89.6,37,37,26,5,79,78,0,17,6,76,0,24,0,.,.,.,.,0,0,88.89,11.11,0,100,0
"2008Q1",76,65,24,11,.,.,.,.,2.23,.,.,2.01,93.98,4.02,.,2.45,95.51,2.04,59.02,0,19.12,79.92,0.96,13.3,83.71,2.99,.,.,.,.,1.15,10.92,86.55,2.52,8.4,89.08,2.52,.,.,.,.,.,.,.,.,.,.,.,.,.,.,.,.,.,.,0,0,90.48,9.52,0,95,5
"2008Q2",75,60,23,17,.,.,.,.,2.37,.,.,2.88,91.77,5.35,.,3.36,94.54,2.1,59.28,0.49,15.09,79.73,5.18,15.36,79.4,5.24,.,.,.,.,1.25,5.83,92.5,1.67,5.93,90.68,3.39,88.8,31,56,13,0,71,86,0,14,0,86,0,14,0,.,.,.,.,0,4.76,80.95,14.29,5,75,20
"2008Q3",79,43,35,22,.,.,.,.,1.79,.,.,2.89,93.39,3.72,.,3.38,93.25,3.38,62.22,0,11.78,86.18,2.04,9.18,90.14,0.68,.,.,.,.,3.66,5,90.83,4.17,4.24,94.07,1.69,74.5,36,50,14,0,73,100,0,0,0,100,0,0,0,.,.,.,.,0,15,85,0,10,80,10
"2008Q4",76,49,29,22,.,.,.,.,4.27,.,.,4.7,93.16,2.14,.,3.04,92.61,4.35,59.06,0.41,7.51,79.82,7.49,6.31,83.05,5.47,.,.,.,.,4.82,4.84,91.94,3.23,4.24,92.37,3.39,85.5,36,50,14,0,75,86,0,14,0,86,0,14,0,.,.,.,.,0,5.56,94.44,0,5.56,88.89,5.56
"2009Q1",76,53,30,17,.,.,.,.,3.59,.,.,3.75,92.92,3.33,.,3.42,88.89,7.69,57.46,0,15.39,78.73,5.88,14.27,79.76,5.97,.,.,.,.,4.05,4.42,91.15,4.42,1.82,92.73,5.45,87.9,16,68,16,0,67,84,0,16,0,83,6,11,0,.,.,.,.,0,5.88,82.35,11.76,6.67,80,13.33
"2009Q2",77,54,30,16,.,.,.,.,1.23,.,.,3.75,93.33,2.92,.,3.78,88.66,7.56,60.75,0,8.88,84.32,1.62,8.77,80.65,5.4,.,.,.,.,2.41,5.22,92.17,2.61,4.5,93.69,1.8,83.7,47,47,7,6,76,100,0,0,0,94,0,6,0,.,.,.,.,16.67,5,75,20,5.26,78.95,15.79
"2009Q3",75,54,29,17,.,.,.,.,1.18,.,.,2.88,93.83,3.29,.,2.52,91.6,5.88,59.92,0,9.86,81.99,2.98,12.9,80.12,6.98,.,.,.,.,1.27,3.36,88.24,8.4,2.5,90.83,6.67,78.7,36,43,21,6,75,93,0,7,0,93,0,7,0,.,.,.,.,30.77,0,81.25,18.75,0,87.5,12.5
"2009Q4",75,52,33,16,.,.,.,.,2.1,.,.,5.36,90.18,4.46,.,4.19,88.37,7.44,57.62,2.16,8.6,84.42,1.81,7.27,88.01,4.72,.,.,.,.,0,3.36,86.55,10.08,3.51,86.84,9.65,.,.,.,.,.,.,.,.,.,.,.,.,.,.,.,.,.,.,33.33,10,80,10,0,85,15
"2010Q1",74,58,28,14,.,.,.,.,1.84,.,.,4.07,92.68,3.25,.,3.7,90.12,6.17,.,.,.,.,.,.,.,.,.,.,.,.,0,5.41,90.09,4.5,5.45,86.36,8.18,83.9,31,63,6,11,59,93,0,7,0,88,0,13,0,.,.,.,.,18.18,5.56,77.78,16.67,0,72.22,27.78
