Term,Period,NE,LS,CB,NP,AP,SE,DL,SP,MN,PA
"Proportion of farm loans outstanding,  2002 Q3 survey, region share of national total",2002:Q3,2.5,9.6,27.6,17.5,10.1,5,4.4,8.8,5.5,8.9
"Proportion of farm loans outstanding,  2002 Q4 survey, region share of national total",2002:Q4,2.5,9.5,27.8,17.7,8.9,5,5.3,8.6,5.8,8.9
"Proportion of farm loans outstanding,  2003 Q1 survey, region share of national total",2003:Q1,2.6,9.2,27.8,17.8,8.6,4.8,4.8,9.1,5.7,9.7
"Proportion of farm loans outstanding,  2003 Q2 survey, region share of national total",2003:Q2,2.7,9.3,28.2,17.7,8.6,4.9,4.7,9,5.6,9.2
"Proportion of farm loans outstanding,  2003 Q3 survey, region share of national total",2003:Q3,2.7,9.4,27.9,17.7,8.4,4.9,5.2,8.7,5.8,9.2
"Proportion of farm loans outstanding,  2003 Q4 survey, region share of national total",2003:Q4,2.8,9.4,27.7,17.4,8.9,4.6,4.7,8.6,5.5,10.5
"Proportion of farm loans outstanding,  2004 Q1 survey, region share of national total",2004:Q1,2.9,9.1,27.7,22.2,8.6,4.7,4.6,8.5,5.3,6.2
"Proportion of farm loans outstanding,  2004 Q2 survey, region share of national total",2004:Q2,3,9,27.1,22.3,8.6,4.9,5.1,8.4,5.4,6.2
"Proportion of farm loans outstanding,  2004 Q3 survey, region share of national total",2004:Q3,2.9,8.8,27,22.4,8.5,4.8,5.2,8.7,5.4,6.2
"Proportion of farm loans outstanding,  2004 Q4 survey, region share of national total",2004:Q4,3,9,27.1,22.3,8.6,4.9,5.1,8.4,5.4,6.2
"Proportion of farm loans outstanding,  2005 Q1 survey, region share of national total",2005:Q1,2.9,8.8,27,22.4,8.5,4.8,5.2,8.7,5.4,6.2
"Proportion of farm loans outstanding,  2005 Q2 survey, region share of national total",2005:Q2,3,8.8,26.8,22.7,8.5,4.6,4.6,8.9,5.2,6.9
"Proportion of farm loans outstanding,  2005 Q3 survey, region share of national total",2005:Q3,2.9,8.9,27.2,22,7.7,5.4,5.1,8.7,5.4,6.7
"Proportion of farm loans outstanding,  2005 Q4 survey, region share of national total",2005:Q4,2.8,8.9,26.9,22,7.8,5.4,5.3,8.7,5.4,6.8
"Proportion of farm loans outstanding,  2006 Q1 survey, region share of national total",2006:Q1,2.8,8.8,26.8,22.8,7.9,5,4.6,8.9,5.1,7.3
"Proportion of farm loans outstanding,  2006 Q2 survey, region share of national total",2006:Q2,2.9,9,27.1,22.4,8,5.2,4.6,8.6,5.2,7.2
"Proportion of farm loans outstanding,  2006 Q3 survey, region share of national total",2006:Q3,2.8,9,26.4,22.4,7.8,5.3,4.9,8.5,5.3,7.5
"Proportion of farm loans outstanding,  2006 Q4 survey, region share of national total",2006:Q4,2.9,9,26.6,22.2,7.5,5.2,5.1,8.5,5.3,7.7
"Proportion of farm loans outstanding,  2007 Q1 survey, region share of national total",2007:Q1,2.8,8.9,26.2,22.6,8,5,4.5,8.5,5.3,8.1
"Proportion of farm loans outstanding,  2007 Q2 survey, region share of national total",2007:Q2,2.9,9,26.4,22.5,7.7,5.1,4.6,8.6,5.3,8.1
"Proportion of farm loans outstanding,  2007 Q3 survey, region share of national total",2007:Q3,2.8,8.9,26,22.3,7.5,5.2,5.1,8.5,5.5,8.2
"Proportion of farm loans outstanding,  2007 Q4 survey, region share of national total",2007:Q4,2.8,8.9,26,22.1,7.6,5.3,5,8.7,5.5,8.2
"Proportion of farm loans outstanding,  2008 Q1 survey, region share of national total",2008:Q1,0,2.8,8.8,26.1,22.4,8,5,4.4,8.7,5.4
"Proportion of farm loans outstanding,  2008 Q2 survey, region share of national total",2008:Q2,2.8,9,26,22.1,7.9,5.4,4.5,8.5,5.5,8.2
"Proportion of farm loans outstanding,  2008 Q3 survey, region share of national total",2008:Q3,2.7,8.9,25.4,22.7,7.7,5.4,4.9,8.4,5.6,8.4
"Proportion of farm loans outstanding,  2008 Q4 survey, region share of national total",2008:Q4,2.6,8.7,25.7,22.5,7.6,5.4,5.2,8.4,5.7,8.4
"Proportion of farm loans outstanding,  2009 Q1 survey, region share of national total",2009:Q1,2.6,8.7,25.7,23.1,7.9,5.3,4.5,8.3,5.4,8.5
"Proportion of farm loans outstanding,  2009 Q2 survey, region share of national total",2009:Q2,2.6,8.7,25.7,23.1,7.9,5.3,4.5,8.3,5.4,8.5
"Proportion of farm loans outstanding,  2009 Q3 survey, region share of national total",2009:Q3,2.6,8.8,25.1,23.2,7.8,5.5,5,8.3,5.1,8.7
"Proportion of farm loans outstanding,  2009 Q4 survey, region share of national total",2009:Q4,2.6,8.3,25.6,22.9,7.8,5.4,5.2,8.4,5.1,8.6
"Proportion of farm loans outstanding,  2010 Q1 survey, region share of national total",2010:Q1,3,8.5,25.7,23.2,7.8,5.2,4.6,8.5,5,8.6
"Proportion of farm loans outstanding,  2010 Q2 survey, region share of national total",2010:Q2,3,8.6,25.9,23.5,7.1,5.3,4.7,8.5,5,8.5

"Sample coverage, 2002 Q3 survey, sample share of total regional loans",2002:Q3,14.9,7,21,12.3,14.8,13.7,5.8,8.9,12.7,49.7
"Sample coverage, 2002 Q4 survey, sample share of total regional loans",2002:Q4,16.3,6.4,20,11.3,21,20,6.7,9.6,14.1,60
"Sample coverage, 2003 Q1 survey, sample share of total regional loans",2003:Q1,18.2,6.2,21.1,11.1,20,14.9,6.8,9.9,7.5,20.7
"Sample coverage, 2003 Q2 survey, sample share of total regional loans",2003:Q2,18.1,5.9,20.9,14.3,19.2,14.9,9.2,9.2,13.9,57.7
"Sample coverage, 2003 Q3 survey, sample share of total regional loans",2003:Q3,17.7,5.9,20.8,13.9,24,13.2,9.4,9.1,13.6,55.5
"Sample coverage, 2003 Q4 survey, sample share of total regional loans",2003:Q4,13.5,2.7,21.1,9.7,18.2,17.1,9.4,5.1,9.5,58.7
"Sample coverage, 2004 Q1 survey, sample share of total regional loans",2004:Q1,13.2,2.9,20.7,32.8,18.1,16.5,10.4,5,7.1,26.4
"Sample coverage, 2004 Q2 survey, sample share of total regional loans",2004:Q2,12.2,2.9,18.9,31.7,18.2,13.2,8.4,5,7.4,25.7
"Sample coverage, 2004 Q3 survey, sample share of total regional loans",2004:Q3,12,2.9,15.1,31.6,18.2,12.5,10.5,5.4,8.7,24.8
"Sample coverage, 2004 Q4 survey, sample share of total regional loans",2004:Q4,12.2,2.9,18.9,31.7,18.2,13.2,8.4,5,7.4,25.7
"Sample coverage, 2005 Q1 survey, sample share of total regional loans",2005:Q1,12,2.9,15.1,31.6,18.2,12.5,10.5,5.5,8.7,24.8
"Sample coverage, 2005 Q2 survey, sample share of total regional loans",2005:Q2,11.5,2.9,18.7,33.9,17.7,13,7.7,5.3,8.6,28.4
"Sample coverage, 2005 Q3 survey, sample share of total regional loans",2005:Q3,10.8,2.9,18.1,32.6,21.1,11.7,9.7,5.1,9,27.9
"Sample coverage, 2005 Q4 survey, sample share of total regional loans",2005:Q4,11.3,2.9,17.8,32.3,22,11.4,5.4,5.2,9.2,27.1
"Sample coverage, 2006 Q1 survey, sample share of total regional loans",2006:Q1,11.1,5.3,18.3,33,22.4,11.8,7.6,5.5,9.1,28.1
"Sample coverage, 2006 Q2 survey, sample share of total regional loans",2006:Q2,11,5.6,17.8,32.7,22.2,12.8,7.6,5.8,8.9,28.1
"Sample coverage, 2006 Q3 survey, sample share of total regional loans",2006:Q3,9.1,5.5,17,33.5,19.1,12.2,8.9,5.6,9.1,28.7
"Sample coverage, 2006 Q4 survey, sample share of total regional loans",2006:Q4,10.1,5.4,18.7,33.3,19.9,12.1,8.9,6,9.2,28.3
"Sample coverage, 2007 Q1 survey, sample share of total regional loans",2007:Q1,10,3.3,18.7,34.1,20.8,11.6,8.5,6,8.4,29.4
"Sample coverage, 2007 Q2 survey, sample share of total regional loans",2007:Q2,9.9,4.5,17.9,34,21.2,11.4,8.8,6,8.4,29.7
"Sample coverage, 2007 Q3 survey, sample share of total regional loans",2007:Q3,6,3.6,17.5,32.5,21.2,11.1,9.2,6,8.3,30
"Sample coverage, 2007 Q4 survey, sample share of total regional loans",2007:Q4,5.5,4.4,17.7,32.5,20.3,11.3,9.1,6.4,8.4,29.7
"Sample coverage, 2008 Q1 survey, sample share of total regional loans",2008:Q1,0,8.9,4.4,18.1,33.8,23.3,11.7,9.5,6,8.2
"Sample coverage, 2008 Q2 survey, sample share of total regional loans",2008:Q2,7.5,4.6,17.7,33.2,22.4,11.3,9.6,6.3,8,31.2
"Sample coverage, 2008 Q3 survey, sample share of total regional loans",2008:Q3,8.6,4.4,16,35,21.4,10.2,9.2,6.3,8.1,31.2
"Sample coverage, 2008 Q4 survey, sample share of total regional loans",2008:Q4,9.4,3.5,15.3,34.5,20.8,10.7,9.2,6.5,8,31.5
"Sample coverage, 2009 Q1 survey, sample share of total regional loans",2009:Q1,9,4.5,15.3,35.5,20.9,9.6,9.1,6.5,7.4,32.5
"Sample coverage, 2009 Q2 survey, sample share of total regional loans",2009:Q2,9,4.5,15.3,35.5,20.7,9.6,9.1,6.5,7.4,32.5
"Sample coverage, 2009 Q3 survey, sample share of total regional loans",2009:Q3,8.9,4.5,15,37.6,19.4,7.7,9.6,6.6,8.4,32.6
"Sample coverage, 2009 Q4 survey, sample share of total regional loans",2009:Q4,8.7,4.1,14.4,36.5,19.7,7.6,8.8,6.9,8.5,31.1
"Sample coverage, 2010 Q1 survey, sample share of total regional loans",2010:Q1,20.6,4.7,13,37.4,19.5,7.7,8.9,6.8,8.5,31.5
"Sample coverage, 2010 Q2 survey, sample share of total regional loans",2010:Q2,19.5,5.2,13,38.4,12,7.7,8.7,6.7,8.4,31.3

"Avg. loan size, 2002 Q4 survey, (thousands of dollars)",2002:Q4,41.6,16.9,33.2,20.3,45.3,47.7,35.5,74.3,20.6,65.3
"Avg. loan size, 2003 Q1 survey, (thousands of dollars)",2003:Q1,29.1,26.8,52.5,38.6,45.3,62.9,67.1,50.1,24.4,82.2
"Avg. loan size, 2003 Q2 survey, (thousands of dollars)",2003:Q2,34.2,16.4,48.3,17.8,38.6,34.1,115.2,45.6,21.5,67.3
"Avg. loan size, 2003 Q3 survey, (thousands of dollars)",2003:Q3,45.9,13.5,44.4,28.4,37.5,50.5,33,55.6,15.9,91.8
"Avg. loan size, 2003 Q4 survey, (thousands of dollars)",2003:Q4,27.8,17.6,84.7,33.3,84.9,51.7,56.5,57.5,25.8,87.1
"Avg. loan size, 2004 Q1 survey, (thousands of dollars)",2004:Q1,31.5,31.3,64,34.1,130.5,77.6,129.2,47.9,28.9,103
"Avg. loan size, 2004 Q2 survey, (thousands of dollars)",2004:Q2,32.1,39,45.2,20.4,130.8,31,76.4,41.3,21.9,52.6
"Avg. loan size, 2004 Q3 survey, (thousands of dollars)",2004:Q3,29.6,12.1,49.1,41,148.1,42.4,69.3,40.3,28.5,99.9
"Avg. loan size, 2004 Q4 survey, (thousands of dollars)",2004:Q4,44,24.2,85,72.3,78.7,35.9,23.8,68.1,36.2,79
"Avg. loan size, 2005 Q1 survey, (thousands of dollars)",2005:Q1,39.5,42.8,62.7,46.4,79.3,97,146.8,38.1,37.8,42.1
"Avg. loan size, 2005 Q2 survey, (thousands of dollars)",2005:Q2,83.8,33.9,84.9,55.5,41.2,131.8,44.2,34.6,22.5,72.9
"Avg. loan size, 2005 Q3 survey, (thousands of dollars)",2005:Q3,63.5,45.1,84,58.6,50.5,31.5,49.2,45.5,17.1,78.5
"Avg. loan size, 2005 Q4 survey, (thousands of dollars)",2005:Q4,38.4,16.8,70.3,60.9,89.5,39,53,43.3,36.6,65.2
"Avg. loan size, 2006 Q1 survey, (thousands of dollars)",2006:Q1,29.3,35.4,71.5,47.2,73.7,110.8,38.5,32.5,33.8,58.5
"Avg. loan size, 2006 Q2 survey, (thousands of dollars)",2006:Q2,47,48.8,65.9,72.6,65.1,49.6,177,30.1,34.2,98.4
"Avg. loan size, 2006 Q3 survey, (thousands of dollars)",2006:Q3,53.9,31.7,82.7,65.7,171.8,37.5,30.7,50.8,29.8,73
"Avg. loan size, 2006 Q4 survey, (thousands of dollars)",2006:Q4,101,44.5,117.4,76.8,63.8,104.2,57.4,47.7,33,72.3
"Avg. loan size, 2007 Q1 survey, (thousands of dollars)",2007:Q1,97.4,35.3,63.7,70.9,82.6,134.4,213.1,55.8,66.5,129.3
"Avg. loan size, 2007 Q2 survey, (thousands of dollars)",2007:Q2,71.7,41.4,52.2,56.1,78.5,36.2,105.2,32.4,32.8,66.4
"Avg. loan size, 2007 Q3 survey, (thousands of dollars)",2007:Q3,61.4,29.1,53.5,76.9,53.7,80.5,30.9,35.3,27.2,90.3
"Avg. loan size, 2007 Q4 survey, (thousands of dollars)",2007:Q4,80.7,30.9,62.7,94.9,102,91.2,58.5,42.3,31.9,93
"Avg. loan size, 2008 Q1 survey, (thousands of dollars)",2008:Q1,0,25.7,27.6,88.1,84.4,75.2,194.1,92.1,60.3,33.8
"Avg. loan size, 2008 Q2 survey, (thousands of dollars)",2008:Q2,53.4,62.6,54.5,74.3,58.8,129.7,106.7,42.7,55.8,104
"Avg. loan size, 2008 Q3 survey, (thousands of dollars)",2008:Q3,25.5,23.5,41.9,106.6,64.3,325.2,41.9,59.6,43.1,130.7
"Avg. loan size, 2008 Q4 survey, (thousands of dollars)",2008:Q4,23.4,38.4,75.8,104.6,59.5,63.4,84.2,56.6,55.1,121.3
"Avg. loan size, 2009 Q1 survey, (thousands of dollars)",2009:Q1,18.3,57.1,157.4,80.4,70.3,69.5,142.5,73.4,45.2,75.1
"Avg. loan size, 2009 Q2 survey, (thousands of dollars)",2009:Q2,27,43.2,47.6,73.6,49.4,62.1,69.7,35,51.4,79.3
"Avg. loan size, 2009 Q3 survey, (thousands of dollars)",2009:Q3,30,51.4,36.6,83.6,62.2,33.4,50.1,30.3,49.1,81.1
"Avg. loan size, 2009 Q4 survey, (thousands of dollars)",2009:Q4,17.9,26.2,56.5,106.6,88,267.8,25,55.4,51.8,84.2
"Avg. loan size, 2010 Q1 survey, (thousands of dollars)",2010:Q1,33.7,48.2,67.3,70.5,97.8,82.5,110.4,37.5,33.9,78.2
"Avg. loan size, 2010 Q2 survey, (thousands of dollars)",2010:Q2,23.2,40.4,50,75.7,45.1,32.9,92.5,40.9,31.3,88.7

Weighted average interest rate during sample week,1995:Q1,11.7,10.7,10,9.9,8.6,7.2,10.4,10.4,9.4,9.4
Weighted average interest rate during sample week,1995:Q2,9,10.4,9.3,9.4,8.5,10.2,10.7,10.1,9.3,9.3
Weighted average interest rate during sample week,1995:Q3,9.6,10.3,9.3,9.8,8.1,9.6,10.4,10.1,9.4,9.5
Weighted average interest rate during sample week,1995:Q4,10.8,10.3,8.3,9.6,7.9,10.1,10.3,9.8,9.3,8.9
Weighted average interest rate during sample week,1996:Q1,8.8,9.9,8,9.4,7.3,9.4,10.9,9.9,8.9,8.1
Weighted average interest rate during sample week,1996:Q2,10.3,10.2,7.3,9,8.1,9.6,10.4,9.8,8.7,8.3
Weighted average interest rate during sample week,1996:Q3,8.3,9.9,8.9,9.4,7.6,9.4,10,9.4,8.9,8.1
Weighted average interest rate during sample week,1996:Q4,10.1,9.9,9.3,9,7.5,9.3,9.9,9.1,9,8.6
Weighted average interest rate during sample week,1997:Q1,8.8,9.5,9.5,9.3,8,9.9,9.5,9.5,10.1,8.7
Weighted average interest rate during sample week,1997:Q2,9.4,10.1,9.2,9.5,8.3,9.9,10.2,9.7,10,8.7
Weighted average interest rate during sample week,1997:Q3,9.3,9.8,9.6,9.9,8.5,10.1,9.9,9.7,10.5,8.7
Weighted average interest rate during sample week,1997:Q4,9.2,9.5,9.3,9.8,7.5,9.8,9.4,9.4,10.1,8.8
Weighted average interest rate during sample week,1998:Q1,9.3,9,9.4,9.8,7.3,10,10.3,9.8,9.6,8.5
Weighted average interest rate during sample week,1998:Q2,9.2,9.4,9.2,9.7,7.6,10.2,10.3,9.6,9.8,8.4
Weighted average interest rate during sample week,1998:Q3,10.2,9.5,9.5,9.5,8.8,9.5,9.7,9.5,9.6,8.5
Weighted average interest rate during sample week,1998:Q4,9.4,9.2,8.7,9,8.3,9.4,9.7,9.2,9.1,8
Weighted average interest rate during sample week,1999:Q1,8.4,8.9,8.9,9.1,8.2,9,9.6,9.1,9,7.5
Weighted average interest rate during sample week,1999:Q2,9.6,9.1,8.8,9,8,9,9.8,9,8.7,8
Weighted average interest rate during sample week,1999:Q3,10.2,8.9,8.7,9.3,8.2,8.9,10,8.8,9,8.5
Weighted average interest rate during sample week,1999:Q4,9.1,9.2,8.8,9.4,8.3,8.8,9.8,9,9.5,8.8
Weighted average interest rate during sample week,2000:Q1,9.4,9.2,9.2,9.6,8.4,9.8,9.3,10,9.8,8.4
Weighted average interest rate during sample week,2000:Q2,10.7,9.5,9.7,9.7,9.1,9.1,10.5,10,10.1,9.5
Weighted average interest rate during sample week,2000:Q3,10.5,10.3,10,10.3,9.7,9.2,10.5,10,10.6,9.7
Weighted average interest rate during sample week,2000:Q4,10.7,9.3,9.9,10.1,9.2,9.4,9.2,10.3,10.3,9.8
Weighted average interest rate during sample week,2001:Q1,9.3,9.1,9.4,9.7,8.4,7.8,9.5,9,9.8,8.8
Weighted average interest rate during sample week,2001:Q2,8.2,8.7,8.3,8.8,7.4,8.1,8.3,9.2,8.6,7.9
Weighted average interest rate during sample week,2001:Q3,8.3,9.8,7.9,8.2,6.3,7.6,8.7,8.8,7.8,7.2
Weighted average interest rate during sample week,2001:Q4,6.9,7.9,6.3,7,5.2,6.3,8.7,7.6,6.1,5.2
Weighted average interest rate during sample week,2002:Q1,6.9,7.8,6.7,7.2,5.2,5.5,7.3,7.4,6.8,4.9
Weighted average interest rate during sample week,2002:Q2,6.8,7.4,6.4,7.2,5,5.9,7.6,7.5,6.5,5.1
Weighted average interest rate during sample week,2002:Q3,6.4,7.5,5.8,6.5,4.6,6,7.5,7.3,6.5,5.3
Weighted average interest rate during sample week,2002:Q4,5.7,6.9,5.1,5.5,4.6,5.2,6.7,7.6,6.4,4.5
Weighted average interest rate during sample week,2003:Q1,5.3,7,5.6,5.7,4.4,5.6,6.7,7.4,6.1,4.5
Weighted average interest rate during sample week,2003:Q2,6,6.7,5.3,6.5,4.6,6.1,7.3,5.7,6.4,5.2
Weighted average interest rate during sample week,2003:Q3,6,6.9,4.7,5.6,4.5,4.8,6.7,5.5,5.6,4.3
Weighted average interest rate during sample week,2003:Q4,6.5,6.5,4,5.1,4.6,5.2,6.7,7.5,5.4,4.2
Weighted average interest rate during sample week,2004:Q1,5.8,7,5.2,5.7,4.3,5.9,6.4,6.3,5.7,3.8
Weighted average interest rate during sample week,2004:Q2,4.8,6.3,5.2,6.2,4.6,6.4,6.9,6.2,6.4,4.1
Weighted average interest rate during sample week,2004:Q3,6.2,6.6,4.8,5.5,4.8,5.2,6.1,6.7,6.7,4.9
Weighted average interest rate during sample week,2004:Q4,6.2,6.4,5.2,5.4,5.1,6,7.5,6.4,7,5.2
Weighted average interest rate during sample week,2005:Q1,6.2,7.4,6.4,6.3,5.3,6,7.2,7.5,7.1,6
Weighted average interest rate during sample week,2005:Q2,6.7,7.4,5.8,6.6,6,6.4,7.5,7.3,7.7,6.7
Weighted average interest rate during sample week,2005:Q3,7.1,7.7,6.9,6.3,6.1,7.2,7.6,7.2,8.2,6.8
Weighted average interest rate during sample week,2005:Q4,6.8,7.7,6.8,7.3,6.6,7.4,8,8.1,8.2,7.5
Weighted average interest rate during sample week,2006:Q1,7.9,8,7.4,7.8,7.3,7.8,8,8.7,8.5,7.8
Weighted average interest rate during sample week,2006:Q2,8.4,8.3,7.7,7.9,7.6,8.3,8.6,8.8,9.1,7.8
Weighted average interest rate during sample week,2006:Q3,8.2,8.7,8.3,8.2,7.6,8.8,8.8,9.2,9.5,9
Weighted average interest rate during sample week,2006:Q4,9.2,8.6,7.4,8.1,8.1,8.2,8.8,8.9,9.1,8.9
Weighted average interest rate during sample week,2007:Q1,8.4,8.6,8.4,8.3,7.8,8.4,8.5,8.9,9.3,8.9
Weighted average interest rate during sample week,2007:Q2,8.1,8.6,8.1,8.4,7.7,8.6,8.6,9.1,9.4,8.6
Weighted average interest rate during sample week,2007:Q3,10.4,8.6,8.1,8.1,8.3,8.5,8.9,8.9,9.5,8.6
Weighted average interest rate during sample week,2007:Q4,7.4,8.6,7.5,7.3,6.8,8.1,8.6,8.6,8.9,7.6
Weighted average interest rate during sample week,2008:Q1,7.3,7.8,6.4,6.3,6.2,6.4,7.8,7.2,7.8,6.3
Weighted average interest rate during sample week,2008:Q2,7.4,6.6,5.6,5.4,5.5,5.7,6.9,6.4,6.3,5.1
Weighted average interest rate during sample week,2008:Q3,5.7,7.2,5.7,5.4,5.5,5,7.2,6.1,6.5,5
Weighted average interest rate during sample week,2008:Q4,7.5,6.6,5.4,4.6,5.1,4.5,7.6,6.1,5.6,4.4
Weighted average interest rate during sample week,2009:Q1,4.2,6.4,5.3,4.6,4,5.1,5.6,6.2,5.7,3.9
Weighted average interest rate during sample week,2009:Q2,4.2,6.4,4.9,4.6,3.7,4.8,6.5,5.7,5.8,4.2
Weighted average interest rate during sample week,2009:Q3,3,6.2,4.9,4.4,4.7,5,5.9,5.9,6.1,4.3
Weighted average interest rate during sample week,2009:Q4,5.3,6.2,5.2,4.5,4,4.2,6.5,5.6,6,4.5
Weighted average interest rate during sample week,2010:Q1,5.8,6.2,5.3,4.8,4.3,6.1,8,6,6,4.1
Weighted average interest rate during sample week,2010:Q2,5.3,6.5,5.4,5.3,5.4,5.1,6.7,6.2,6,4.3

Standard Error,2001:Q4,0.23,0.78,0.38,0.29,0.36,1.71,0.42,0.79,0.33,0.35
Standard Error,2002:Q1,0.12,0.37,0.26,0.22,0.63,1.14,0.39,0.45,0.26,0.25
Standard Error,2002:Q2,0.14,0.29,0.27,0.21,0.48,1.03,0.23,0.34,0.36,0.26
Standard Error,2002:Q3,0.43,0.29,0.5,0.68,0.67,1.19,0.34,0.68,0.41,1.06
Standard Error,2002:Q4,0.35,0.45,0.47,1.01,0.56,0.62,0.68,0.35,0.47,0.62
Standard Error,2003:Q1,0.15,0.26,0.31,0.73,0.65,0.63,0.54,0.66,0.35,0.4
Standard Error,2003:Q2,0.29,0.17,0.37,0.34,0.71,0.63,0.45,0.71,0.36,0.5
Standard Error,2003:Q3,0.15,0.04,0.49,0.39,0.73,0.69,0.27,0.99,0.35,0.26
Standard Error,2003:Q4,0.59,0.22,0.3,0.71,0.54,0.83,0.54,0.58,0.39,0.42
Standard Error,2004:Q1,0.21,0.15,0.44,0.25,0.48,0.64,0.37,0.23,0.37,0.41
Standard Error,2004:Q2,0.19,0.05,0.66,0.32,0.45,0.31,0.57,0.19,0.4,0.24
Standard Error,2004:Q3,0.79,0.14,0.58,1.15,0.38,0.75,0.41,0.45,0.29,0.08
Standard Error,2004:Q4,0.48,0.07,0.45,0.88,1.01,0.81,0.3,0.22,0.3,0.1
Standard Error,2005:Q1,0.19,0.16,0.14,0.71,0.6,0.67,0.34,0.59,0.17,0.15
Standard Error,2005:Q2,0.19,0.21,0.77,0.75,0.28,0.65,0.33,0.19,0.05,0.18
Standard Error,2005:Q3,0.18,0.23,0.28,0.7,0.2,0.57,0.43,0.3,0.09,0.07
Standard Error,2005:Q4,0.8,0.19,0.35,0.45,0.23,0.58,0.49,0.1,0.07,0.16
Standard Error,2006:Q1,0.29,0.15,0.21,0.37,0.13,0.37,0.29,0.12,0.26,0.25
Standard Error,2006:Q2,0.47,0.18,0.4,0.54,0.15,0.53,0.13,0.26,0.26,0.17
Standard Error,2006:Q3,0.58,0.16,0.12,0.38,0.3,0.28,0.29,0.17,0.21,0.21
Standard Error,2006:Q4,0.26,0.24,0.53,0.38,0.32,0.63,0.17,0.18,0.31,0.14
Standard Error,2007:Q1,0.38,0.27,0.17,0.41,0.28,0.41,0.16,0.28,0.18,0.07
Standard Error,2007:Q2,0.16,0.19,0.41,0.41,0.31,0.5,0.11,0.13,0.12,0.32
Standard Error,2007:Q3,0.01,0.42,0.15,0.35,0.33,0.44,0.26,0.17,0.07,0.3
Standard Error,2007:Q4,0.01,0.16,0.25,0.55,0.47,0.41,0.17,0.23,0.15,0.22
Standard Error,2008:Q1,0.14,0.28,0.14,0.63,0.66,0.67,0.72,0.21,0.23,0.1
Standard Error,2008:Q2,0.3,0.09,0.26,0.89,0.49,0.29,0.4,0.3,0.34,0.25
Standard Error,2008:Q3,0.93,0.19,0.31,1.25,0.37,0.72,0.2,0.24,0.36,0.36
Standard Error,2008:Q4,0.07,0.1,0.52,1.05,0.67,0.04,0.72,0.38,0.61,0.09
Standard Error,2009:Q1,0.34,0.35,0.35,1.22,0.95,0.93,0.64,0.67,0.32,0.65
Standard Error,2009:Q2,0.35,0.16,0.38,1.2,1.07,0.19,0.4,0.36,0.55,0.25
Standard Error,2009:Q3,0.24,0.12,0.44,1.08,0.85,1.29,0.19,0.31,0.46,0.37
Standard Error,2009:Q4,0.05,0.13,0.5,1.27,1.14,1.09,0.21,0.47,0.3,0.71
Standard Error,2010:Q1,1.05,0.15,0.29,0.72,0.77,0.43,0.63,0.5,0.27,0.54
Standard Error,2010:Q2,0.19,0.13,0.29,0.91,0.76,0.86,0.12,0.47,0.32,0.7

